category,child_category,title,description,price,nutrients,image
Бизнес Ланчи,Роллы,Ролл Темпура с лососем,"Ролл, обжаренный в тонком воздушном кляре, с начинкой из лосося, огурца и сливочного сыра.

СОСТАВ: 
Лосось, рис, сливочный сыр, огурец, тесто кляр, водоросли нори,  терияки соус, имбирь, васаби   

ВЕС: 100гр/ 4шт",330,В 100 г305.9 ккалБелки6.6 гЖиры12.4 гУглеводы42 г,https://ayamm-panel.s2.sellkit.ru/getImage.php?compressionQuality=90&crop=0&background=1&format=webp&domain=ayamm-panel.s2.sellkit.ru&time=1&url=%2FNewContent%2FPlates%2Fayamm_%2F179%2F358342_606046b7-84f9-4047-be7e-d2f3ee66ef81.jpg&width=669&height=669
Бизнес Ланчи,Супы,Рамен с курицей,"Суп на основе насыщенного куриного бульона, с добавлением японских специй. Подается с нежной пшеничной лапшой, маринованным яйцом и куриной грудкой под золотистой корочкой СОСТАВ: Маринованное куриное филе, лапша удон, чесночно-имбирная паста, куриное яйцо, соевая мисо паста, соевый соус, зеленый лук, куриный бульон ВЕС: 200",240,В 100 г116.2 ккалБелки7 гЖиры4.9 гУглеводы11.1 г,https://ayamm-panel.s2.sellkit.ru/getImage.php?compressionQuality=90&crop=0&background=1&format=webp&domain=ayamm-panel.s2.sellkit.ru&time=1&url=%2FNewContent%2FPlates%2Fayamm_%2F185%2F358342_7c532f81-6196-49d9-97f0-8c16e7f2c8bf.jpg&width=614&height=614
Бизнес Ланчи,Супы,Суп Том Ям,"Классический тайский суп с традиционными специями, нежным кокосовым молоком, куриным филе и креветками. Подается с рисом, ароматным лимоном и жгучим чили. Кстати, обязательно попробуйте этот суп с тайской лепёшкой. СОСТАВ: Креветки тигровые, маринованное куриное филе, грибы шампиньоны, имбирь, кокосовое молоко, паста Том Ям, куриный бульон, томаты черри, рис, лимон, перец чили, листья лайма, кинза ВЕС: 200/40",300,В 100 г97.1 ккалБелки3.5 гЖиры4.1 гУглеводы11.5 г,https://ayamm-panel.s2.sellkit.ru/getImage.php?compressionQuality=90&crop=0&background=1&format=webp&domain=ayamm-panel.s2.sellkit.ru&time=1&url=%2FNewContent%2FPlates%2Fayamm_%2F184%2F358342_882f4595-a942-4893-b878-35f7bb989af3.jpg&width=614&height=614
Бизнес Ланчи,Горячие блюда,Удон с курицей,"Пшеничная лапша с овощами и курицей и под ароматным кисло-сладким соусом с добавлением ароматного кунжутного масла. СОСТАВ: Маринованное куриное филе,лапша Удон, морковь, лук репчатый, болгарский перец, капуста пекинская, кисло-сладкий соус, соевый соус, паста чесночно-имбирная, масло растительное, масло кунжутное, кунжут, лук зеленый ВЕС: 135",270,В 100 г81.9 ккалБелки2.9 гЖиры3.2 гУглеводы10.4 г,https://ayamm-panel.s2.sellkit.ru/getImage.php?compressionQuality=90&crop=0&background=1&format=webp&domain=ayamm-panel.s2.sellkit.ru&time=1&url=%2FNewContent%2FPlates%2Fayamm_%2F188%2F358342_7ee24662-3cb2-44e3-bc92-29f35ee18b35.jpg&width=719&height=719
Бизнес Ланчи,Горячие блюда,Тяхан с курицей,"Традиционный японский рис, обжаренный с овощами, яйцом и нежным куриным филе под сладко-соевым соусом унаги. Посыпается кунжутом, зелёным луком и долькой лимона. СОСТАВ: Маринованное куриное филе, рис, болгарский перец, лук репчатый, морковь, пекинская капуста, куриное яйцо, соевый соус, кунжут, соус унаги, лимон, зеленый лук ВЕС: 150",270,В 100 г200.9 ккалБелки8.6 гЖиры6.4 гУглеводы27.2 г,https://ayamm-panel.s2.sellkit.ru/getImage.php?compressionQuality=90&crop=0&background=1&format=webp&domain=ayamm-panel.s2.sellkit.ru&time=1&url=%2FNewContent%2FPlates%2Fayamm_%2F187%2F358342_19bdc4f8-1820-46b2-af9a-322b648a129c.jpg&width=719&height=719
Бизнес Ланчи,Салаты,Чука салат с морскими водорослями и огурцом,"СОСТАВ: Салат чука, ореховый соус, кунжут ВЕС: 65",200,В 100 г143 ккалБелки5.2 гЖиры9.3 гУглеводы9.7 г,https://ayamm-panel.s2.sellkit.ru/getImage.php?compressionQuality=90&crop=0&background=1&format=webp&domain=ayamm-panel.s2.sellkit.ru&time=1&url=%2FNewContent%2FPlates%2Fayamm_%2F194%2F358342_cffd3b33-3c98-4b5d-9fd3-3465a33eec20.jpg&width=627&height=627
Бизнес Ланчи,Салаты,Салат Цезарь с курицей,"На подушку из хрустящего салата и спелых томатов черри мы выкладываем маринованную куриную грудку под золотистой корочкой. Салат подаем под облаком из сыра пармезан и хрустящими гренками. СОСТАВ: Маринованное куриное филе, микс салата, томаты черри, пармезан, цезарь соус, масло растительное, гренки ВЕС: 80",220,В 100 г154.4 ккалБелки7.7 гЖиры12.9 гУглеводы1.9 г,https://ayamm-panel.s2.sellkit.ru/getImage.php?compressionQuality=90&crop=0&background=1&format=webp&domain=ayamm-panel.s2.sellkit.ru&time=1&url=%2FNewContent%2FPlates%2Fayamm_%2F193%2F358342_ab722fef-6a49-435b-bd25-b5e0a9d49443.jpg&width=627&height=627
Бизнес Ланчи,Горячие блюда,"
Гюнику Дон","180 г

Котлета из говядины, цукини, картофельные дольки, капуста красная, соус наршараб-хойсин, кунжутное масло, зеленый лук, кунжут.",300,"88.90

ККал

6.30

Белки

10

Углеводы

2.70

Жиры

* на 100 грамм",https://ayamm-panel.s2.sellkit.ru/getImage.php?compressionQuality=90&crop=0&format=webp&background=1&domain=ayamm-panel.s2.sellkit.ru&time=3&url=%2FNewContent%2FPlates%2Fayamm_%2F685b4c8ec4007be03bc06c2a6b304f8e.JPEG&width=1056&height=1056
Бизнес Ланчи,Салаты,Салат Кантеки,"110 г

Красная капуста, морковь, лосось c/c, водоросли нори, бобы эдамаме, понзу, кунжут.",330,"68.80

ККал

6.90

Белки

3.90

Углеводы

2.90

Жиры

* на 100 грамм",https://ayamm-panel.s2.sellkit.ru/getImage.php?compressionQuality=90&crop=0&format=webp&background=1&domain=ayamm-panel.s2.sellkit.ru&time=3&url=%2FNewContent%2FPlates%2Fayamm_%2F1048%2Fthumb-big-a9e18d8b15d0c7fe6c81f25adba84b05b22ab3053577b7127d8b6c19982809de.jpg&width=1056&height=1056
Бизнес Ланчи,Роллы,Ролл Бостон,"100 г

Лосось, рис, сливочный сыр, огурцы, тесто кляр, водоросли нори, имбирь, васаби.",280,"158.60

ККал

6.30

Белки

25.20

Углеводы

3.60

Жиры

* на 100 грамм",https://ayamm-panel.s2.sellkit.ru/getImage.php?compressionQuality=90&crop=0&format=webp&background=1&domain=ayamm-panel.s2.sellkit.ru&time=3&url=%2FNewContent%2FPlates%2Fayamm_%2F27670a4456e070c39fbbdd1546f8ecc9.JPEG&width=1056&height=1056
Бизнес Ланчи,Роллы,Ролл Ясай,"105 г

Рис, авокадо, чука, манго, шпинат, огурец.",260,"189.70

ККал

4

Белки

35.50

Углеводы

3.50

Жиры

* на 100 грамм",https://ayamm-panel.s2.sellkit.ru/getImage.php?compressionQuality=90&crop=0&format=webp&background=1&domain=ayamm-panel.s2.sellkit.ru&time=3&url=%2FNewContent%2FPlates%2Fayamm_%2Fffbf9b78a918c595012f233dc319d67e.JPEG&width=1056&height=1056
Бизнес Ланчи,Супы,"
Суп Том Кха","200 г

Бульон куриный, куриное филе, шампиньоны, томаты черри, паста том кха, молоко кокосовое, сливки, кинза, рис, лимон, перец чили, масло кунжутное, масло растительное.",280,"82

ККал

2.90

Белки

8.40

Углеводы

4.10

Жиры

* на 100 грамм",https://ayamm-panel.s2.sellkit.ru/getImage.php?compressionQuality=90&crop=0&format=webp&background=1&domain=ayamm-panel.s2.sellkit.ru&time=3&url=%2FNewContent%2FPlates%2Fayamm_%2F8aa8365e015d99c8af6ff4c640084580.JPEG&width=1056&height=1056
Сеты,Сеты,Сет Ваби-Саби,"580 г

Ролл с лососем и Дор блю, Ролл с лососем и крабом, Ролл Майо-терияки.",1750,"2622.90

ККал

88.70

Белки

430.20

Углеводы

60.80

Жиры

* на 100 грамм",https://ayamm-panel.s2.sellkit.ru/getImage.php?compressionQuality=90&crop=0&format=webp&background=1&domain=ayamm-panel.s2.sellkit.ru&time=3&url=%2FNewContent%2FPlates%2Fayamm_%2Ff7776e8dfa59144235f90bbaf49954b7.JPEG&width=1056&height=1056
Сеты,Сеты,Сет Таношими 2.0,"В составе 2 вида европейских роллов с лососем и икрой тобико, и 1 вид запеченного с лососем. Рассчитан на 2 персоны. СОСТАВ: - Ямато ролл 8шт (водоросли нори, рис, жаренный лосось, соус кимчи, икра тобико, сливочный сыр, огурец, помидор, лук фри) - Ролл Яки с лососем темпура 8шт (жаренный в кляре лосось, рис, водоросли нори, сливочный сыр, огурец, соус яки, соус унаги) - Калифорния сурими 8шт (имитация снежного краба, рис, водоросли нори, майонез, огурцы, икра тобико, кунжут) ВЕС: 580",1480,В 100 г253.8 ккалБелки7.2 гЖиры5.3 гУглеводы44.3 г,https://ayamm-panel.s2.sellkit.ru/getImage.php?compressionQuality=90&crop=0&background=1&format=webp&domain=ayamm-panel.s2.sellkit.ru&time=1&url=%2FNewContent%2FPlates%2Fayamm_%2F227%2Fe687ce88-5a58-4456-8a34-4e28a58b7196.jpg&width=627&height=627
Сеты,Сеты,Сет Саппоро 2.0,"Сет на 2-3 персоны. В составе европейские роллы: с креветкой, снежным крабом, лососем и угрём, вкус которых идеально дополняют соусы. СОСТАВ: - Ролл Ямато XL 4шт (водоросли нори, рис, жаренный лосось, соус кимчи, икра тобико, сливочный сыр, огурец, помидор, лук фри) - Ролл Итами XL 4шт (угорь, сливочный сыр, авокадо, рис, соус унаги, кунжут, нори) - Калифорния с крабом XL 4шт (имитация снежного краба, майонез, огурцы свежие, водоросли нори, рис, кунжут) - Филадельфия XL 4шт (лосось, сливочный сыр, рис, огурцы свежие, водоросли нори) - Эби Сам ролл 4шт (тигровая креветка, рис, сливочный сыр, огурец, лосось, водоросли нори, соус гамадари) ВЕС: 645",1999,В 100 г263.7 ккалБелки8.2 гЖиры8.8 гУглеводы38 г,https://ayamm-panel.s2.sellkit.ru/getImage.php?compressionQuality=90&crop=0&background=1&format=webp&domain=ayamm-panel.s2.sellkit.ru&time=1&url=%2FNewContent%2FPlates%2Fayamm_%2F226%2Fd4185685-c698-4e1d-8493-224736746cb6.jpg&width=627&height=627
Сеты,Сеты,"
Сет Каэн","630 г

Ролл Хоноо, Ролл Чеддер, Ролл Яки с лососем темпура.",1670,"2840.70

ККал

81

Белки

447.60

Углеводы

80.70

Жиры

* на 100 грамм",https://ayamm-panel.s2.sellkit.ru/getImage.php?compressionQuality=90&crop=0&format=webp&background=1&domain=ayamm-panel.s2.sellkit.ru&time=3&url=%2FNewContent%2FPlates%2Fayamm_%2F0ac7c9d4ef8f7800cbbf516f40e578fb.JPEG&width=1056&height=1056
Сеты,Сеты,Сет Олсен 2.0,"Сет на 4-5 персон. Состоит из запеченных роллов с лососем, снежным крабом, 4 видов маки, а так же из полюбившейся многим Филадельфии классической и острого ролла с крабом. СОСТАВ: - Филадельфия классическая 8шт (лосось, рис, водоросли нори, сливочный сыр, огурец) - Калифорния сурими 8шт (имитация снежного краба, рис, водоросли нори, майонез, огурцы, икра тобико, кунжут) - Маки с лососем 4шт (лосось, рис, водоросли нори) - Маки с угрем 4шт (угорь, рис, водоросли нори) - Маки с огурцом 4шт (огурец, кунжут, рис, водоросли нори) - Маки с авокадо 4шт (авокадо, рис, водоросли нори) - Ролл Яки с лососем темпура 8шт (лосось в кляре, рис, водоросли нори, сливочный сыр, огурец, яки соус, соус унаги) - Ролл Яки с сурими 8шт (сурими, рис, водоросли нори, сливочный сыр, огурец, яки соус, соус унаги, кунжут) ВЕС: 1000",2730,В 100 г224 ккалБелки6.4 гЖиры5.2 гУглеводы38 г,https://ayamm-panel.s2.sellkit.ru/getImage.php?compressionQuality=90&crop=0&background=1&format=webp&domain=ayamm-panel.s2.sellkit.ru&time=1&url=%2FNewContent%2FPlates%2Fayamm_%2F224%2F89578b89-3287-42bd-906a-aa15feb6a921.jpg&width=813&height=813
Сеты,Сеты,Сет Окинава 2.0,"Состоит из 3 европейских роллов, запеченного с лососем темпура и хот ролла с лососем и авокадо. Рассчитан на 3-4 персоны. СОСТАВ: - Филадельфия классическая 8шт (лосось, рис, водоросли нори, сливочный сыр, огурец) - Калифорния сурими 8шт (имитация снежного краба, рис, водоросли нори, майонез,огурцы, икра тобико, кунжут) - Хот ролл с лососем и авокадо 8шт (лосось, рис, водоросли нори, авокадо, сливочный сыр, тесто кляр, сухари панко) - Маки Пинагор с тилапией 8шт (тилапия, рис, сливочный сыр, водоросли нори, зеленый лук, соус спайси) - Ролл Яки с лососем темпура 8шт (лосось в кляре, рис, водоросли нори, сливочный сыр, огурец, яки соус, соус унаги) ВЕС: 950",1999,В 100 г276.4 ккалБелки7.7 гЖиры7.2 гУглеводы45.1 г,https://ayamm-panel.s2.sellkit.ru/getImage.php?compressionQuality=90&crop=0&background=1&format=webp&domain=ayamm-panel.s2.sellkit.ru&time=1&url=%2FNewContent%2FPlates%2Fayamm_%2F223%2F0b08b5ff-a8bc-4267-b0f8-20d7b2782d08.jpg&width=627&height=627
Сеты,Сеты,Сет Мацуо 2.0,"Сет состоит из горячих и запеченных роллов. Рассчитан на 2-3 персоны. СОСТАВ: - Хот ролл с лососем и авокадо 8шт (лосось, рис, сливочный сыр, авокадо, тесто кляр, водоросли нори) - Хот ролл с курицей 8шт (копченая куриная грудка, рис, водоросли нори, болгарский перец, сливочный сыр, тесто кляр, сухари панко) - Ролл Яки с лососем темпура 8шт (лосось в кляре, рис, водоросли нори, сливочный сыр, огурец, яки соус, соус унаги) - Ролл Яки с сурими 8шт (сурими, рис, водоросли нори, сливочный сыр, огурец, яки соус, соус унаги, кунжут) ВЕС: 860",1680,В 100 г320.1 ккалБелки7.7 гЖиры11.7 гУглеводы46 г,https://ayamm-panel.s2.sellkit.ru/getImage.php?compressionQuality=90&crop=0&background=1&format=webp&domain=ayamm-panel.s2.sellkit.ru&time=1&url=%2FNewContent%2FPlates%2Fayamm_%2F222%2Ff70e8b23-ffab-4758-8807-08712f6794d2.jpg&width=627&height=627
Сеты,Сеты,Сет Бэни,"710 г

Ролл Чеддер, Ролл Унаги Кранч, Ролл Яки с лососем темпура, Маки с лососем.",1810,"3431

ККал

103.40

Белки

566.40

Углеводы

83.50

Жиры

* на 100 грамм


",https://ayamm-panel.s2.sellkit.ru/getImage.php?compressionQuality=90&crop=0&format=webp&background=1&domain=ayamm-panel.s2.sellkit.ru&time=3&url=%2FNewContent%2FPlates%2Fayamm_%2F955c067fe13e9845b4af6a3e1628834d.JPEG&width=1056&height=1056
Сеты,Сеты,Сет Кайдзю 2.0,"В составе запеченные роллы с лососем и сурими и европейский ролл с лососем. Рассчитан на 2-3 персоны. СОСТАВ: - Ролл Цезарь с лососем темпура 8шт (жаренный в кляре лосось, рис, водоросли нори, помидоры, огурец, пекинская капуста, соус цезарь, сухари панко) - Ролл Яки с лососем темпура 8 шт (лосось в кляре, рис, водоросли нори, сливочный сыр, огурец, яки соус, соус унаги) - Ролл Яки с сурими 8шт (сурими, рис, водоросли нори, сливочный сыр, огурец, яки соус, соус унаги, кунжут) ВЕС: 620",1380,В 100 г185.2 ккалБелки5.2 гЖиры4.3 гУглеводы31.6 г,https://ayamm-panel.s2.sellkit.ru/getImage.php?compressionQuality=90&crop=0&background=1&format=webp&domain=ayamm-panel.s2.sellkit.ru&time=1&url=%2FNewContent%2FPlates%2Fayamm_%2F220%2F2cd67800-6006-49f1-a573-86486877296b.jpg&width=627&height=627
Сеты,Сеты,Сет Аями 2.0,"Сет для любителей морепродуктов. 5 европейских роллов и 1 горячий ролл с лососем и авокадо в составе. На 4-5 персон. СОСТАВ: - Филадельфия классическая 8шт (лосось, рис, водоросли нори, сливочный сыр, огурец) - Итами ролл 8шт (угорь, рис, водоросли нори, сливочный сыр, авокадо, соус унаги, кунжут) - Филадельфия Эби 8шт (тигровые креветки, рис, имитация снежного краба, водоросли нори, сливочный сыр, огурец, соус гамадари) - Маки Пинагор 8шт (тилапия, рис, сливочный сыр, водоросли нори, зеленый лук, соус спайси) - Калифорния сурими 8шт (имитация снежного краба, рис, водоросли нори, майонез,огурцы, икра тобико, кунжут - Хот ролл с лососем и авокадо 8шт (лосось, рис, водоросли нори, авокадо, сливочный сыр, тесто кляр, сухари панко) ВЕС: 1200",2999,В 100 г275.2 ккалБелки7.7 гЖиры8 гУглеводы43.1 г,https://ayamm-panel.s2.sellkit.ru/getImage.php?compressionQuality=90&crop=0&background=1&format=webp&domain=ayamm-panel.s2.sellkit.ru&time=1&url=%2FNewContent%2FPlates%2Fayamm_%2F219%2Fb2395192-83d2-4c06-90f6-744b718bec7d.jpg&width=627&height=627
Сеты,Сеты,Вакаяма сет 2.0,"Сет состоит из 3-х европейских роллов, запеченного с лососем и хот ролла с лососем и авокадо. Рассчитан на 3-4 персоны. СОСТАВ: - Ролл Яки с лососем темпура 8шт (лосось в кляре, рис, водоросли нори, сливочный сыр, огурец, яки соус, соус унаги) - Филадельфия Эби 8шт (тигровые креветки, рис, имитация снежного краба, водоросли нори, сыр сливочный, огурец, соус гамадари) - Маки Пинагор с тилапией 8шт (тилапия, рис, сливочный сыр, водоросли нори, зеленый лук, соус спайси) - Хот ролл с лососем и авокадо 8шт ( (лосось, рис, водоросли нори, огурец, сыр сливочный, тесто кляр, сухари панко) - Филадельфия спайси 8шт (лосось, рис, водоросли нори, сливочный сыр, огурец, соус спайси) ВЕС: 980",1980,В 100 г290.4 ккалБелки7.8 гЖиры8 гУглеводы46.9 г,https://ayamm-panel.s2.sellkit.ru/getImage.php?compressionQuality=90&crop=0&background=1&format=webp&domain=ayamm-panel.s2.sellkit.ru&time=1&url=%2FNewContent%2FPlates%2Fayamm_%2F218%2F98b21362-6672-4025-b427-8d9ca8066515.jpg&width=627&height=627
Сеты,Сеты,Акаси сет 2.0,"Сет для настоящих гурманов. В составе популярные роллы с морепродуктами. Идеально на 3-4 персоны. СОСТАВ: - Филадельфия классическая 8шт (лосось, рис, водоросли нори,сыр сливочный, огурец) - Филадельфия Эби 8шт (тигровые креветки, рис, имитация снежного краба, водоросли нори, сыр сливочный, огурец, соус гамадари) - Калифорния с лососем 8шт (лосось, рис, водоросли нори, сыр сливочный, огурец, икра тобико) - Итами ролл 8шт (угорь, рис, водоросли нори, сыр сливочный, авокадо, соус унаги, кунжут) ВЕС: 840",2530,В 100 г251 ккалБелки8 гЖиры7.4 гУглеводы38.3 г,https://ayamm-panel.s2.sellkit.ru/getImage.php?compressionQuality=90&crop=0&background=1&format=webp&domain=ayamm-panel.s2.sellkit.ru&time=1&url=%2FNewContent%2FPlates%2Fayamm_%2F217%2F12cc68fa-f680-4e96-a51e-4549c9b31aec.jpg&width=627&height=627
Роллы,Европейские роллы,"
Филадельфия с лососем","Лосось, рис, водоросли нори, сыр сливочный, огурцы. ВЕС: 260",1070,В 100 г226.50 ккалБелки9.60 гЖиры7.20 гУглеводы30.90 г,https://ayamm-panel.s2.sellkit.ru/getImage.php?compressionQuality=90&crop=0&format=webp&background=1&domain=ayamm-panel.s2.sellkit.ru&time=3&url=%2FNewContent%2FPlates%2Fayamm_%2F8f69ec7f7838c3aec2cfd2ef4aa194d4.JPEG&width=1056&height=1056
Роллы,Европейские роллы,Филадельфия Эби,"Современная интерпретация ролла филадельфия, с начинкой из хрустящего огурца и снежного краба, который покрыт слоем отварных хрустящих креветок и полит ореховым соусом. СОСТАВ: Тигровые креветки, рис, имитация снежного краба, водоросли нори, сливочный сыр, огурец, соус гамадари. ВЕС: 210",660,В 100 г173.8 ккалБелки4.6 гЖиры4 гУглеводы30 г,https://ayamm-panel.s2.sellkit.ru/getImage.php?compressionQuality=90&crop=0&background=1&format=webp&domain=ayamm-panel.s2.sellkit.ru&time=1&url=%2FNewContent%2FPlates%2Fayamm_%2F322%2F358342_74eeceb8-ff62-4c88-839a-643746979dfd.jpg&width=627&height=627
Роллы,Европейские роллы,Филадельфия с манго,"Классический ролл с нежным манго, сливочным сыром и охлажденным лососем. СОСТАВ: Лосось, рис, водоросли нори, сливочный сыр, манго. ВЕС: 200",770,В 100 г192.8 ккалБелки6.7 гЖиры5.1 гУглеводы30 г,https://ayamm-panel.s2.sellkit.ru/getImage.php?compressionQuality=90&crop=0&background=1&format=webp&domain=ayamm-panel.s2.sellkit.ru&time=1&url=%2FNewContent%2FPlates%2Fayamm_%2F321%2F358342_6560673d-a329-483a-b60f-4d033e505839.jpg&width=627&height=627
Роллы,Европейские роллы,Филадельфия с авокадо,"Классический ролл с нежным авокадо, сливочным сыром и охлажденным лососем. СОСТАВ: Лосось, рис, водоросли нори, сливочный сыр, авокадо. ВЕС: 205",770,В 100 г214.2 ккалБелки7.1 гЖиры6.9 гУглеводы31 г,https://ayamm-panel.s2.sellkit.ru/getImage.php?compressionQuality=90&crop=0&background=1&format=webp&domain=ayamm-panel.s2.sellkit.ru&time=1&url=%2FNewContent%2FPlates%2Fayamm_%2F320%2F358342_36121e3e-c18a-4e4f-a694-2dd7818c7efa.jpg&width=627&height=627
Роллы,Европейские роллы,"
Ролл с Креветкой Спайси","Креветки тигровые, огурцы, рис, водоросли нори, сыр сливочный, соус спайси ВЕС: 260",770,В 100 г207.80 ккалБелки4.80 гЖиры6.20гУглеводы33.30 г,https://ayamm-panel.s2.sellkit.ru/getImage.php?compressionQuality=90&crop=0&format=webp&background=1&domain=ayamm-panel.s2.sellkit.ru&time=3&url=%2FNewContent%2FPlates%2Fayamm_%2F8a6dcbd04e3fc9a89f48f51596b1f192.JPEG&width=1056&height=1056
Роллы,Европейские роллы,"
Калифорния","Икра тобико, рис, водоросли нори, сурими, майонез, огурцы. ВЕС: 245г",640,В 100г 184.50ККал 6.10Белки 34.90Углеводы 2.30Жиры,https://ayamm-panel.s2.sellkit.ru/getImage.php?compressionQuality=90&crop=0&format=webp&background=1&domain=ayamm-panel.s2.sellkit.ru&time=3&url=%2FNewContent%2FPlates%2Fayamm_%2F5e25460490f14c8bd2a3230ee4100467.JPEG&width=1056&height=1056
Роллы,Европейские роллы,Филадельфия Унаги,"Угорь, рис, водоросли нори, сыр сливочный, авокадо, соус унаги, кунжут. ВЕС: 250г",1070,В 100г 318.10ККал 8.70Белки 39.50Углеводы 13.90Жиры,https://ayamm-panel.s2.sellkit.ru/getImage.php?compressionQuality=90&crop=0&format=webp&background=1&domain=ayamm-panel.s2.sellkit.ru&time=3&url=%2FNewContent%2FPlates%2Fayamm_%2Fc9f60f9900a57e7e78b5c7cab47a5363.JPEG&width=1056&height=1056
Роллы,Европейские роллы,Филадельфия классическая,"Нежное сочетание классических ингредиентов: охлаждённого лосося, сыра и хрустящего огурца. СОСТАВ: Лосось, рис, водоросли нори, сливочный сыр, огурец. ВЕС: 205",670,В 100 г239.9 ккалБелки8.4 гЖиры6.5 гУглеводы37 г,https://ayamm-panel.s2.sellkit.ru/getImage.php?compressionQuality=90&crop=0&background=1&format=webp&domain=ayamm-panel.s2.sellkit.ru&time=1&url=%2FNewContent%2FPlates%2Fayamm_%2F318%2F358342_f7f97e87-9ef3-4725-adde-734b06f3e0b4.jpg&width=627&height=627
Роллы,Европейские роллы,Ролл Ямато,"СОСТАВ: Водоросли нори, рис, лосось жаренный, соус кимчи, икра тобико, сливочный сыр, огурцы, помидоры, лук фри. ВЕС: 180",550,В 100 г236.7 ккалБелки6.7 гЖиры5.2 гУглеводы40.8 г,https://ayamm-panel.s2.sellkit.ru/getImage.php?compressionQuality=90&crop=0&background=1&format=webp&domain=ayamm-panel.s2.sellkit.ru&time=1&url=%2FNewContent%2FPlates%2Fayamm_%2F317%2F358342_ce168efd-f9c6-401c-af6a-c43b55078bf0.jpg&width=627&height=627
Роллы,Европейские роллы,Ролл Унаги Кранч,"СОСТАВ: Угорь, рис, водоросли нори, сливочный сыр, огурцы, помидоры, лук фри, соус терияки. ВЕС: 220",770,В 100 г240.3 ккалБелки7.4 гЖиры8 гУглеводы34.7 г,https://ayamm-panel.s2.sellkit.ru/getImage.php?compressionQuality=90&crop=0&background=1&format=webp&domain=ayamm-panel.s2.sellkit.ru&time=1&url=%2FNewContent%2FPlates%2Fayamm_%2F316%2F358342_0d3cf663-36af-408a-a116-a53516bb4b8f.jpg&width=627&height=627
Роллы,Европейские роллы,Сливочная Креветка,"Креветки тигровые, авокадо, рис, водоросли нори, сыр сливочный. ВЕС: 240 г",770,В 100 г217.50 ккалБелки4.80 гЖиры7.30 гУглеводы33.20 г,https://ayamm-panel.s2.sellkit.ru/getImage.php?compressionQuality=90&crop=0&format=webp&background=1&domain=ayamm-panel.s2.sellkit.ru&time=3&url=%2FNewContent%2FPlates%2Fayamm_%2F4b6e9ffe5cddeacf95f66bb2741a6795.JPEG&width=1056&height=1056
Роллы,Европейские роллы,Ролл с лососем и лаймом,"Необычное сочетание кусочков охлаждённого лосося с листьями лайма и нежного авокадо внутри, мы подаём под фирменными пряными соусами. СОСТАВ: Лосось, рис, сливочный сыр, соус спайси, авокадо, водоросли нори, листья лайма, соус терияки, соус васаби-майо, хрустики. ВЕС: 230",710,В 100 г268.5 ккалБелки8.3 гЖиры8.5 гУглеводы39.6 г,https://ayamm-panel.s2.sellkit.ru/getImage.php?compressionQuality=90&crop=0&background=1&format=webp&domain=ayamm-panel.s2.sellkit.ru&time=1&url=%2FNewContent%2FPlates%2Fayamm_%2F314%2F358342_dedec103-1790-42aa-b578-7241e305161f.jpg&width=627&height=627
Роллы,Европейские роллы,Криспи Чикен ролл,"СОСТАВ: Куриная грудка копченая, сливочный сыр, огурцы, лук фри, зеленый лук, соус гамадари, соус унаги. ВЕС: 190",510,В 100 г188 ккалБелки5.6 гЖиры4.6 гУглеводы31.1 г,https://ayamm-panel.s2.sellkit.ru/getImage.php?compressionQuality=90&crop=0&background=1&format=webp&domain=ayamm-panel.s2.sellkit.ru&time=1&url=%2FNewContent%2FPlates%2Fayamm_%2F313%2F358342_2af6d43b-f143-41a0-b459-02fd60f45a85.jpg&width=627&height=627
Роллы,Европейские роллы,Калифорния с лососем криспи,"СОСТАВ: Лосось в кляре, сыр сливочный, огурцы, икра тобико, рис, водоросли нори, кунжут, лук фри, зеленый лук, соус васаби майо, соус унаги. ВЕС: 190",610,В 100 г189.2 ккалБелки5.7 гЖиры4 гУглеводы32.5 г,https://ayamm-panel.s2.sellkit.ru/getImage.php?compressionQuality=90&crop=0&background=1&format=webp&domain=ayamm-panel.s2.sellkit.ru&time=1&url=%2FNewContent%2FPlates%2Fayamm_%2F312%2F358342_668b4494-6a76-4cf6-897b-ce8557ee632b.jpg&width=627&height=627
Роллы,Европейские роллы,Калифорния с лососем и луком фри,"СОСТАВ: Лосось, сыр сливочный, огурцы, икра тобико, рис, водоросли нори, кунжут, лук фри, зеленый лук, соус васаби майо, соус унаги. ВЕС: 190",710,В 100 г182.7 ккалБелки5.8 гЖиры4.2 гУглеводы30.4 г,https://ayamm-panel.s2.sellkit.ru/getImage.php?compressionQuality=90&crop=0&background=1&format=webp&domain=ayamm-panel.s2.sellkit.ru&time=1&url=%2FNewContent%2FPlates%2Fayamm_%2F311%2F358342_7c13b000-e2be-4a08-be7e-b26f14dbee72.jpg&width=627&height=627
Роллы,Европейские роллы,Калифорния с лососем,"Ролл из нежного сливочного сыра в сочетании с лососем в панировке из хрустящей икры тобико. СОСТАВ: Лосось, рис, водоросли нори, сливочный сыр, огурец, икра тобико. ВЕС: 200",870,В 100 г245.6 ккалБелки9.1 гЖиры4.7 гУглеводы41.7 г,https://ayamm-panel.s2.sellkit.ru/getImage.php?compressionQuality=90&crop=0&background=1&format=webp&domain=ayamm-panel.s2.sellkit.ru&time=1&url=%2FNewContent%2FPlates%2Fayamm_%2F310%2F358342_b448b6e2-ab91-49a9-9f9a-7b2aefae817f.jpg&width=627&height=627
Роллы,Европейские роллы,Калифорния с креветкой,"Ролл из нежного сливочного сыра в сочетании с креветкой в панировке из хрустящей икры тобико. СОСТАВ: Тигровые креветки, рис, водоросли нори, сливочный сыр, огурец, икра тобико. ВЕС: 200",710,В 100 г232.3 ккалБелки7.2 гЖиры4.1 гУглеводы41.7 г,https://ayamm-panel.s2.sellkit.ru/getImage.php?compressionQuality=90&crop=0&background=1&format=webp&domain=ayamm-panel.s2.sellkit.ru&time=1&url=%2FNewContent%2FPlates%2Fayamm_%2F309%2F358342_0323d1ee-b943-482e-b075-d447c7cd1189.jpg&width=627&height=627
Роллы,Европейские роллы,Итами ролл,"Идеальное сочетание копчёного угря с нежным авокадо и сливочным сыром. Блюдо дополняем сладко-соевым соусом унаги и посыпаем хрустящим кунжутом. СОСТАВ: Угорь, рис, водоросли нори, сливочный сыр, авокадо, соус унаги, кунжут. ВЕС: 220",910,В 100 г235.6 ккалБелки6.3 гЖиры9.3 гУглеводы31.6 г,https://ayamm-panel.s2.sellkit.ru/getImage.php?compressionQuality=90&crop=0&background=1&format=webp&domain=ayamm-panel.s2.sellkit.ru&time=1&url=%2FNewContent%2FPlates%2Fayamm_%2F308%2F358342_268440d2-c02f-4ddd-9bf3-8794d5700f57.jpg&width=627&height=627
Роллы,Европейские роллы 1/2,1/2 Яки Филадельфия,"Запечённый ролл с лососем под нашим фирменным сливочно-сырным соусом со сладким яблоком внутри. СОСТАВ: Лосось, рис, водоросли нори, яблоко, сливочный сыр, соус яки, кунжут, соус унаги. ВЕС: 150",710,В 100 г228.2 ккалБелки9.1 гЖиры6.5 гУглеводы33.3 г,https://ayamm-panel.s2.sellkit.ru/getImage.php?compressionQuality=90&crop=0&background=1&format=webp&domain=ayamm-panel.s2.sellkit.ru&time=1&url=%2FNewContent%2FPlates%2Fayamm_%2F333%2F358342_04fc4a35-f77b-4ca5-a4cc-d27e18d8a293.jpg&width=627&height=627
Роллы,Европейские роллы 1/2,1/2 Яки Изуми,"Запечённый ролл с начинкой из жареного лосося в кляре и нежного сыра. Подаём под сладковатым соусом унаги и кунжутом. СОСТАВ: Лосось, рис, лосось жаренный в кляре, сливочный сыр, водоросли нори, соус яки, соус унаги, кунжут. ВЕС: 105",420,В 100 г267.1 ккалБелки8.3 гЖиры5.8 гУглеводы45.4 г,https://ayamm-panel.s2.sellkit.ru/getImage.php?compressionQuality=90&crop=0&background=1&format=webp&domain=ayamm-panel.s2.sellkit.ru&time=1&url=%2FNewContent%2FPlates%2Fayamm_%2F332%2F358342_f3b60bdc-c973-4aec-92c1-5307f477d12b.jpg&width=627&height=627
Роллы,Европейские роллы 1/2,1/2 Филадельфия с манго,"Классический ролл с нежным манго, сливочным сыром и охлажденным лососем. СОСТАВ: Лосось, рис, водоросли нори, сливочный сыр, манго. ВЕС: 100",510,В 100 г197.4 ккалБелки6.4 гЖиры4.9 гУглеводы32 г,https://ayamm-panel.s2.sellkit.ru/getImage.php?compressionQuality=90&crop=0&background=1&format=webp&domain=ayamm-panel.s2.sellkit.ru&time=1&url=%2FNewContent%2FPlates%2Fayamm_%2F330%2F358342_e272f15d-963c-4d6e-948a-9e129483a3b3.jpg&width=627&height=627
Роллы,Европейские роллы 1/2,1/2 Филадельфия с авокадо,"Классический ролл с нежным авокадо, сливочным сыром и охлажденным лососем. СОСТАВ: Лосось, рис, водоросли нори, сливочный сыр, авокадо. ВЕС: 100",510,В 100 г277.8 ккалБелки8.7 гЖиры8.2 гУглеводы42.2 г,https://ayamm-panel.s2.sellkit.ru/getImage.php?compressionQuality=90&crop=0&background=1&format=webp&domain=ayamm-panel.s2.sellkit.ru&time=1&url=%2FNewContent%2FPlates%2Fayamm_%2F329%2F358342_0dd94cb8-26a7-4925-bea1-40c85bb2572a.jpg&width=627&height=627
Роллы,Европейские роллы 1/2,1/2 Филадельфия люкс,"Ролл из хрустящей икры тобико, сливочного сыра и охлаждённого лосося. Кстати, рыбы будет в три раза больше! СОСТАВ: Лосось, рис, водоросли нори, икра тобико, сливочный сыр. ВЕС: 120",600,В 100 г257.3 ккалБелки10.9 гЖиры8.1 гУглеводы35.2 г,https://ayamm-panel.s2.sellkit.ru/getImage.php?compressionQuality=90&crop=0&background=1&format=webp&domain=ayamm-panel.s2.sellkit.ru&time=1&url=%2FNewContent%2FPlates%2Fayamm_%2F328%2F358342_b75091a3-1f27-44bc-b2ec-edabdb5fdae9.jpg&width=627&height=627
Роллы,Европейские роллы 1/2,1/2 Филадельфия классическая,"Нежное сочетание классических ингредиентов: охлаждённого лосося, сыра и хрустящего огурца. СОСТАВ: Лосось, рис, водоросли нори, сливочный сыр, огурец. ВЕС:100",410,В 100 г260.7 ккалБелки8.6 гЖиры6.5 гУглеводы41.9 г,https://ayamm-panel.s2.sellkit.ru/getImage.php?compressionQuality=90&crop=0&background=1&format=webp&domain=ayamm-panel.s2.sellkit.ru&time=1&url=%2FNewContent%2FPlates%2Fayamm_%2F327%2F358342_544b2562-b7d0-486a-9621-83f4dab1ead6.jpg&width=627&height=627
Роллы,Европейские роллы 1/2,1/2 Ролл с лососем и лаймом,"Необычное сочетание кусочков охлаждённого лосося с листьями лайма и нежного авокадо внутри, мы подаём под фирменными пряными соусами. СОСТАВ: Лосось, рис, сливочный сыр, соус спайси, авокадо, водоросли нори, листья лайма, соус терияки, соус васаби-майо, хрустики. ВЕС: 115",470,В 100 г266.3 ккалБелки7.8 гЖиры7.9 гУглеводы41 г,https://ayamm-panel.s2.sellkit.ru/getImage.php?compressionQuality=90&crop=0&background=1&format=webp&domain=ayamm-panel.s2.sellkit.ru&time=1&url=%2FNewContent%2FPlates%2Fayamm_%2F326%2F358342_96419310-e6e0-4b90-940f-24f41a6f14ad.jpg&width=627&height=627
Роллы,Европейские роллы 1/2,1/2 Калифорния с лососем,"Ролл из нежного сливочного сыра в сочетании с лососем в панировке из хрустящей икры тобико. СОСТАВ: Лосось, рис, водоросли нори, сливочный сыр, огурец, икра тобико. ВЕС: 100",510,В 100 г247.9 ккалБелки8.6 гЖиры4.5 гУглеводы43.4 г,https://ayamm-panel.s2.sellkit.ru/getImage.php?compressionQuality=90&crop=0&background=1&format=webp&domain=ayamm-panel.s2.sellkit.ru&time=1&url=%2FNewContent%2FPlates%2Fayamm_%2F325%2F358342_194b06f2-d139-4f5e-9ed0-d84d5b7c7393.jpg&width=627&height=627
Роллы,Европейские роллы 1/2,1/2 Калифорния с креветкой,"Ролл из нежного сливочного сыра в сочетании с креветкой в панировке из хрустящей икры тобико. СОСТАВ: Тигровые креветки, рис, водоросли нори, сливочный сыр, огурец, икра тобико. ВЕС: 100",470,В 100 г236 ккалБелки6.8 гЖиры3.9 гУглеводы43.4 г,https://ayamm-panel.s2.sellkit.ru/getImage.php?compressionQuality=90&crop=0&background=1&format=webp&domain=ayamm-panel.s2.sellkit.ru&time=1&url=%2FNewContent%2FPlates%2Fayamm_%2F324%2F358342_d309cc39-5e38-4374-972d-ff5d7a4e4800.jpg&width=627&height=627
Роллы,Запеченные роллы,Яки Филадельфия,"Запечённый ролл с лососем под нашим фирменным сливочно-сырным соусом со сладким яблоком внутри. СОСТАВ: Лосось, рис, водоросли нори, яблоко, сливочный сыр, соус яки, кунжут, соус унаги. ВЕС: 300",1070,В 100 г221.4 ккалБелки9.4 гЖиры6.7 гУглеводы30.8 г,https://ayamm-panel.s2.sellkit.ru/getImage.php?compressionQuality=90&crop=0&background=1&format=webp&domain=ayamm-panel.s2.sellkit.ru&time=1&url=%2FNewContent%2FPlates%2Fayamm_%2F295%2F358342_a375eb9c-6fb8-4bf4-a16f-46ab63132a56.jpg&width=627&height=627
Роллы,Запеченные роллы,Яки Унаги,"СОСТАВ: Угорь, рис, водоросли нори, сливочный сыр, спайси соус, кунжут, унаги соус. ВЕС: 220",810,В 100 г301.6 ккалБелки8.9 гЖиры13.1 гУглеводы37.1 г,https://ayamm-panel.s2.sellkit.ru/getImage.php?compressionQuality=90&crop=0&background=1&format=webp&domain=ayamm-panel.s2.sellkit.ru&time=1&url=%2FNewContent%2FPlates%2Fayamm_%2F294%2F358342_4f39d7ec-6af1-495d-bd80-0259dc1e87a4.jpg&width=627&height=627
Роллы,Запеченные роллы,Яки мини с угрем,"Запеченный ролл с шапочкой, нежным сливочно-сырным вкусом и начинкой из угря. Подаём с терпким имбирем и острым васаби. Всё это дополняется сладковатым соусом унаги и кунжутом. СОСТАВ: Угорь, рис, водоросли нори, сливочный сыр, огурец, соус яки, соус унаги, кунжут. ВЕС: 200",650,В 100 г205.3 ккалБелки5.5 гЖиры7 гУглеводы30.1 г,https://ayamm-panel.s2.sellkit.ru/getImage.php?compressionQuality=90&crop=0&background=1&format=webp&domain=ayamm-panel.s2.sellkit.ru&time=1&url=%2FNewContent%2FPlates%2Fayamm_%2F293%2F358342_83c138c3-0a24-4abc-8c01-1dbdc3df4342.jpg&width=627&height=627
Роллы,Запеченные роллы,Яки мини с лососем криспи,"Запеченный ролл с шапочкой, нежным сливочно-сырным вкусом и начинкой из обжаренного в кляре лосося. Подаём с терпким имбирем и острым васаби. Всё это дополняется сладковатым соусом унаги и кунжутом. СОСТАВ: Лосось жареный в кляре, рис, водоросли нори, сливочный сыр, огурец, соус яки, соус унаги, кунжут. ВЕС: 200",570,В 100 г189.1 ккалБелки5.2 гЖиры5 гУглеводы30.9 г,https://ayamm-panel.s2.sellkit.ru/getImage.php?compressionQuality=90&crop=0&background=1&format=webp&domain=ayamm-panel.s2.sellkit.ru&time=1&url=%2FNewContent%2FPlates%2Fayamm_%2F292%2F358342_e8cdcdd0-fc04-4709-902c-95f86e084a20.jpg&width=627&height=627
Роллы,Запеченные роллы,Яки мини с лососем,"Запеченный ролл с шапочкой, нежным сливочно-сырным вкусом и начинкой из лосося. Подаём с терпким имбирем и острым васаби. Всё это дополняется сладковатым соусом унаги и кунжутом. СОСТАВ: Лосось, рис, водоросли нори, сливочный сыр, огурец, соус яки, соус унаги, кунжут. ВЕС: 200",650,В 100 г190.4 ккалБелки5.6 гЖиры5.3 гУглеводы30.1 г,https://ayamm-panel.s2.sellkit.ru/getImage.php?compressionQuality=90&crop=0&background=1&format=webp&domain=ayamm-panel.s2.sellkit.ru&time=1&url=%2FNewContent%2FPlates%2Fayamm_%2F291%2F358342_6d772d8a-7f21-4286-bfd9-c763e833d82e.jpg&width=627&height=627
Роллы,Запеченные роллы,Яки мини с курицей,"Запеченный ролл с шапочкой, нежным сливочно-сырным вкусом и начинкой из курицы. Подаём с терпким имбирем и острым васаби. Всё это дополняется сладковатым соусом унаги и кунжутом. СОСТАВ: Куриная грудка копченая, рис, водоросли нори, сливочный сыр, огурец, соус яки, соус унаги, кунжут. ВЕС: 200",570,В 100 г178.7 ккалБелки5.2 гЖиры4.9 гУглеводы28.5 г,https://ayamm-panel.s2.sellkit.ru/getImage.php?compressionQuality=90&crop=0&background=1&format=webp&domain=ayamm-panel.s2.sellkit.ru&time=1&url=%2FNewContent%2FPlates%2Fayamm_%2F290%2F358342_ae923065-7112-4028-9b47-fe7a24363abc.jpg&width=627&height=627
Роллы,Запеченные роллы,Яки мини с креветкой,"Запеченный ролл с шапочкой, нежным сливочно-сырным вкусом и начинкой из креветки. Подаём с терпким имбирем и острым васаби. Всё это дополняется сладковатым соусом унаги и кунжутом. СОСТАВ: Тигровые креветки, рис, водоросли нори, сливочный сыр, огурец, соус яки, соус унаги, кунжут. ВЕС: 200",610,В 100 г180 ккалБелки4.1 гЖиры4.8 гУглеводы30.1 г,https://ayamm-panel.s2.sellkit.ru/getImage.php?compressionQuality=90&crop=0&background=1&format=webp&domain=ayamm-panel.s2.sellkit.ru&time=1&url=%2FNewContent%2FPlates%2Fayamm_%2F289%2F358342_aa47193e-3c0c-49d1-bf1a-f44465411ea8.jpg&width=627&height=627
Роллы,Запеченные роллы,Яки Изуми,"Запечённый ролл с начинкой из жареного лосося в кляре из нежного сыра. Подаём под сладковатым соусом унаги и кунжутом. СОСТАВ: Лосось, рис, лосось жаренный в кляре, сливочный сыр, водоросли нори, соус яки, соус унаги, кунжут. ВЕС: 215",670,В 100 г208 ккалБелки6.8 гЖиры4.9 гУглеводы34.3 г,https://ayamm-panel.s2.sellkit.ru/getImage.php?compressionQuality=90&crop=0&background=1&format=webp&domain=ayamm-panel.s2.sellkit.ru&time=1&url=%2FNewContent%2FPlates%2Fayamm_%2F288%2F1d67ecf8-8093-40f1-bc1e-16e83c46ce1a.jpg&width=627&height=627
Роллы,Запеченные роллы,Ролл с тартаром из угря,"СОСТАВ: Угорь, огурец, сливочный сыр, рис, водоросли нори, огурцы, соус яки, соус спайси. ВЕС: 160",570,В 100 г264.2 ккалБелки7.3 гЖиры9.3 гУглеводы37.8 г,https://ayamm-panel.s2.sellkit.ru/getImage.php?compressionQuality=90&crop=0&background=1&format=webp&domain=ayamm-panel.s2.sellkit.ru&time=1&url=%2FNewContent%2FPlates%2Fayamm_%2F287%2F19ecbc8c-7bd7-4575-9f4f-5243027320d3.jpg&width=627&height=627
Роллы,Запеченные роллы,Ролл с тартаром из тунца,"СОСТАВ: Тунец, огурец, сливочный сыр, рис, водоросли нори, огурцы, соус яки, соус спайси. ВЕС: 160",550,В 100 г235.7 ккалБелки7.9 гЖиры5.9 гУглеводы37.8 г,https://ayamm-panel.s2.sellkit.ru/getImage.php?compressionQuality=90&crop=0&background=1&format=webp&domain=ayamm-panel.s2.sellkit.ru&time=1&url=%2FNewContent%2FPlates%2Fayamm_%2F286%2F6f3e3d80-1d36-4de4-bb1a-6a199731c2fb.jpg&width=627&height=627
Роллы,Запеченные роллы,Ролл с тартаром из лосося,"СОСТАВ: Лосось, огурец, сливочный сыр, рис, водоросли нори, огурцы, соус яки, соус спайси. ВЕС: 160",660,В 100 г240 ккалБелки7.5 гЖиры6.5 гУглеводы37.8 г,https://ayamm-panel.s2.sellkit.ru/getImage.php?compressionQuality=90&crop=0&background=1&format=webp&domain=ayamm-panel.s2.sellkit.ru&time=1&url=%2FNewContent%2FPlates%2Fayamm_%2F285%2F358342_41dd357c-92fc-4c61-9ea7-81e475cc12ff.jpg&width=627&height=627
Роллы,Темпура роллы,Хот ролл с угрем,"Ролл, обжаренный в хрустящем кляре, с начинкой из угря, огурца и сливочного сыра. СОСТАВ: Угорь, рис, водоросли нори, огурец, сливочный сыр, тесто кляр, сухари панко. ВЕС: 210",650,В 100 г339.8 ккалБелки7.1 гЖиры16.6 гУглеводы40.4 г,https://ayamm-panel.s2.sellkit.ru/getImage.php?compressionQuality=90&crop=0&background=1&format=webp&domain=ayamm-panel.s2.sellkit.ru&time=1&url=%2FNewContent%2FPlates%2Fayamm_%2F307%2F358342_0d0970bb-f952-48e4-bf8c-d4b2a42316fa.jpg&width=627&height=627
Роллы,Темпура роллы,Хот ролл с тунцом,"Горячий ролл в хрустящей панировке с начинкой из охлаждённого тунца, нежного сыра и хрустящего огурца. СОСТАВ: Тунец, рис, водоросли нори, огурец, сливочный сыр, тесто кляр, сухари панко. ВЕС: 210",510,В 100 г313.8 ккалБелки7.6 гЖиры13.5 гУглеводы40.3 г,https://ayamm-panel.s2.sellkit.ru/getImage.php?compressionQuality=90&crop=0&background=1&format=webp&domain=ayamm-panel.s2.sellkit.ru&time=1&url=%2FNewContent%2FPlates%2Fayamm_%2F306%2F358342_bc362534-8b1b-48b8-9890-8296d53e245d.jpg&width=627&height=627
Роллы,Темпура роллы,Хот ролл с лососем и авокадо,"Ролл в хрустящей панировке с начинкой из лосося, сливочного сыра и авокадо. СОСТАВ: Лосось, рис, водоросли нори, авокадо, сливочный сыр, тесто кляр, сухари панко. ВЕС: 210",570,В 100 г308.4 ккалБелки6.6 гЖиры11.5 гУглеводы44.5 г,https://ayamm-panel.s2.sellkit.ru/getImage.php?compressionQuality=90&crop=0&background=1&format=webp&domain=ayamm-panel.s2.sellkit.ru&time=1&url=%2FNewContent%2FPlates%2Fayamm_%2F305%2F358342_e88e6e51-92a3-44d5-8365-be0aa9f16cf1.jpg&width=627&height=627
Роллы,Темпура роллы,Хот ролл с лососем,"Ролл в хрустящей панировке с начинкой из лосося, сливочного сыра и хрустящего огурца. СОСТАВ: Лосось, рис, водоросли нори, огурец, сливочный сыр, тесто кляр, сухари панко. ВЕС: 210",570,В 100 г272.9 ккалБелки6.6 гЖиры7.7 гУглеводы44.3 г,https://ayamm-panel.s2.sellkit.ru/getImage.php?compressionQuality=90&crop=0&background=1&format=webp&domain=ayamm-panel.s2.sellkit.ru&time=1&url=%2FNewContent%2FPlates%2Fayamm_%2F304%2F358342_0246fd3e-8f87-4f5d-a16f-e80c804d5e1c.jpg&width=627&height=627
Роллы,Темпура роллы,Хот ролл с курицей,"Ролл в хрустящей панировке с начинкой из копченой курицы, хрустящего перца и нежного сливочного сыра. СОСТАВ: Копченая куриная грудка, рис, водоросли нори, болгарский перец, сливочный сыр, тесто кляр, сухари панко. ВЕС: 210",500,В 100 г355.5 ккалБелки8 гЖиры15.8 гУглеводы45.3 г,https://ayamm-panel.s2.sellkit.ru/getImage.php?compressionQuality=90&crop=0&background=1&format=webp&domain=ayamm-panel.s2.sellkit.ru&time=1&url=%2FNewContent%2FPlates%2Fayamm_%2F303%2F358342_4b6d4ef7-9252-439a-9fc3-2ce9899d0147.jpg&width=627&height=627
Роллы,Маки роллы,Маки с угрем,"Копчёный угорь в сочетании с хрустящим огурцом мы поливаем сладковатым соусом унаги и посыпаем кунжутом. СОСТАВ: Угорь, рис, водоросли нори, соус унаги, кунжут, огурцы. ВЕС: 95",470,В 100 г247.2 ккалБелки6.6 гЖиры5.7 гУглеводы42.4 г,https://ayamm-panel.s2.sellkit.ru/getImage.php?compressionQuality=90&crop=0&background=1&format=webp&domain=ayamm-panel.s2.sellkit.ru&time=1&url=%2FNewContent%2FPlates%2Fayamm_%2F302%2F358342_a4a68daa-f3bf-4aa7-8683-e02ee7ef1ad3.jpg&width=627&height=627
Роллы,Маки роллы,Маки с сыром и креветкой,"Идеальное сочетание нежных тигровых креветок и сливочного сыра. Мы подаём с имбирём, жгучим васаби и соевым соусом. СОСТАВ: Тигровые креветки, рис, водоросли нори, сливочный сыр, икра тобико. ВЕС: 95",390,В 100 г201.2 ккалБелки4.6 гЖиры2.9 гУглеводы39.2 г,https://ayamm-panel.s2.sellkit.ru/getImage.php?compressionQuality=90&crop=0&background=1&format=webp&domain=ayamm-panel.s2.sellkit.ru&time=1&url=%2FNewContent%2FPlates%2Fayamm_%2F301%2F358342_64172a4b-6906-440d-ba68-943968ef7ad0.jpg&width=627&height=627
Роллы,Маки роллы,Маки с тунцом,"Идеальное сочетание охлаждённого тунца с рисом и водорослями нори. Подаём традиционно с имбирем, жгучим васаби и соевым соусом. СОСТАВ: Тунец, рис, водоросли нори. ВЕС: 95",380,В 100 г222.1 ккалБелки7.8 гЖиры1.6 гУглеводы44.2 г,https://ayamm-panel.s2.sellkit.ru/getImage.php?compressionQuality=90&crop=0&background=1&format=webp&domain=ayamm-panel.s2.sellkit.ru&time=1&url=%2FNewContent%2FPlates%2Fayamm_%2F300%2F358342_f1132286-8c75-43c1-91c5-5d5050b93cbb.jpg&width=627&height=627
Роллы,Маки роллы,Маки с огурцом,"Классическое японское блюдо, состоящее из хрустящего огурца, кунжута, риса и водорослей нори. Подаём традиционно с имбирем, васаби и соевым соусом. СОСТАВ: Огурец, рис, водоросли нори, кунжут. ВЕС: 95",260,В 100 г209.6 ккалБелки4.5 гЖиры2.1 гУглеводы43.1 г,https://ayamm-panel.s2.sellkit.ru/getImage.php?compressionQuality=90&crop=0&background=1&format=webp&domain=ayamm-panel.s2.sellkit.ru&time=1&url=%2FNewContent%2FPlates%2Fayamm_%2F299%2F358342_26a14fbe-3b83-4b58-bc4b-b4c809b57236.jpg&width=627&height=627
Роллы,Маки роллы,Маки с лососем,"Идеальное сочетание нежного охлаждённого лосося с рисом и водорослями нори. Подаём традиционно с имбирем, жгучим васаби и соевым соусом. СОСТАВ: Лосось, рис, водоросли нори. ВЕС: 95",410,В 100 г225.7 ккалБелки7.3 гЖиры2.4 гУглеводы43.8 г,https://ayamm-panel.s2.sellkit.ru/getImage.php?compressionQuality=90&crop=0&background=1&format=webp&domain=ayamm-panel.s2.sellkit.ru&time=1&url=%2FNewContent%2FPlates%2Fayamm_%2F298%2F358342_18a6e014-20ac-4c1b-9aa2-2c7dec18e22b.jpg&width=627&height=627
Роллы,Маки роллы,Маки с авокадо,"Классическое японское блюдо, состоящее из нежного авокадо, риса и водорослей нори. Подаём традиционно с имбирем, васаби и соевым соусом. СОСТАВ: Авокадо, рис, водоросли нори. ВЕС: 95",285,В 100 г237.2 ккалБелки4.6 гЖиры4.4 гУглеводы44.8 г,https://ayamm-panel.s2.sellkit.ru/getImage.php?compressionQuality=90&crop=0&background=1&format=webp&domain=ayamm-panel.s2.sellkit.ru&time=1&url=%2FNewContent%2FPlates%2Fayamm_%2F297%2F358342_fa29f9ea-f76b-4129-9d2b-b423b26d4684.jpg&width=627&height=627
BIG-роллы,BIG-роллы,New Ролл Филадельфия Унаги,"СОСТАВ: Угорь, рис, водоросли нори, сыр сливочный, авокадо, соус унаги, кунжут. ВЕС: 250",1070,В 100 г318.1 ккалБелки8.7 гЖиры13.9 гУглеводы39.5 г,https://ayamm-panel.s2.sellkit.ru/getImage.php?compressionQuality=90&crop=0&background=1&format=webp&domain=ayamm-panel.s2.sellkit.ru&time=1&url=%2FNewContent%2FPlates%2Fayamm_%2F560%2F7d16e30a-560f-4efc-a4da-3fe15bd05507.jpg&width=627&height=627
BIG-роллы,BIG-роллы,New Ролл Филадельфия с лососем,"СОСТАВ: Лосось, рис, водоросли нори, сыр сливочный, огурцы. ВЕС: 260",1070,В 100 г226.5 ккалБелки9.6 гЖиры7.2 гУглеводы30.9 г,https://ayamm-panel.s2.sellkit.ru/getImage.php?compressionQuality=90&crop=0&background=1&format=webp&domain=ayamm-panel.s2.sellkit.ru&time=1&url=%2FNewContent%2FPlates%2Fayamm_%2F559%2Fe322254d-ef2a-40c5-bfe7-d6d0bb7fe95a.jpg&width=627&height=627
BIG-роллы,BIG-роллы,New Ролл Сливочная Креветка,"СОСТАВ: Креветки тигровые, авокадо, рис, водоросли нори, сыр сливочный. ВЕС: 240",770,В 100 г217.5 ккалБелки4.7 гЖиры7.3 гУглеводы33.2 г,https://ayamm-panel.s2.sellkit.ru/getImage.php?compressionQuality=90&crop=0&background=1&format=webp&domain=ayamm-panel.s2.sellkit.ru&time=1&url=%2FNewContent%2FPlates%2Fayamm_%2F558%2F1afebfd0-dfb7-4a72-8aff-4106d29605b6.jpg&width=627&height=627
BIG-роллы,BIG-роллы,New Ролл с Креветкой спайси,"СОСТАВ: Креветки тигровые, огурцы, рис, водоросли нори, сыр сливочный, соус спайси. ВЕС: 260",770,В 100 г207.8 ккалБелки4.8 гЖиры6.2 гУглеводы33.3 г,https://ayamm-panel.s2.sellkit.ru/getImage.php?compressionQuality=90&crop=0&background=1&format=webp&domain=ayamm-panel.s2.sellkit.ru&time=1&url=%2FNewContent%2FPlates%2Fayamm_%2F557%2Fd053adce-b002-4e97-bd2d-89ea2fd7341f.jpg&width=627&height=627
BIG-роллы,BIG-роллы,New Ролл Калифорния,"СОСТАВ: Икра тобико, рис, водоросли нори, сурими, майонез, огурцы. ВЕС: 245",640,В 100 г184.5 ккалБелки6.1 гЖиры2.3 гУглеводы34.9 г,https://ayamm-panel.s2.sellkit.ru/getImage.php?compressionQuality=90&crop=0&background=1&format=webp&domain=ayamm-panel.s2.sellkit.ru&time=1&url=%2FNewContent%2FPlates%2Fayamm_%2F550%2Fa0f9878b-4132-48e6-a06c-20189c32915a.jpg&width=627&height=627
Суши,Суши,Эби суши Спайс,"Классические японские суши с нежной креветкой под острым соусом спайси. Подаём с маринованным имбирём, жгучим васаби и соевым соусом. СОСТАВ: Тигровые креветки, рис, водоросли нори, соус спайси. ВЕС: 80 гр / 2 шт",470,В 100 г15.3 ккалБелки0.3 гЖиры0.2 гУглеводы3.1 г,https://ayamm-panel.s2.sellkit.ru/getImage.php?compressionQuality=90&crop=0&background=1&format=webp&domain=ayamm-panel.s2.sellkit.ru&time=1&url=%2FNewContent%2FPlates%2Fayamm_%2F269%2F358342_776e9c17-d00a-41d5-8da6-2b46f8be607a.jpg&width=627&height=627
Суши,Суши,Угорь суши Спайс,"Традиционное японское блюдо. Рис и угорь в идеальной комбинации с нашим фирменным спайси соусом. Подаём с маринованным имбирём, жгучим васаби и соевым соусом. СОСТАВ: Угорь, рис, водоросли нори, соус спайси. ВЕС: 80 гр / 2 шт",60,В 100 г24.9 ккалБелки0.9 гЖиры1 гУглеводы3.1 г,https://ayamm-panel.s2.sellkit.ru/getImage.php?compressionQuality=90&crop=0&background=1&format=webp&domain=ayamm-panel.s2.sellkit.ru&time=1&url=%2FNewContent%2FPlates%2Fayamm_%2F268%2F358342_a44b8280-586e-485e-b2e5-40cd3858fd04.jpg&width=627&height=627
Суши,Суши,Тунец суши Спайс,"Классические японские суши с охлажденным тунцом под острым соусом спайси. Подаём с маринованным имбирём, жгучим васаби и соевым соусом. СОСТАВ: Тунец, рис, водоросли нори, соус спайси. ВЕС: 80 гр / 2 шт",480,В 100 г18.2 ккалБелки1 гЖиры0.2 гУглеводы3.1 г,https://ayamm-panel.s2.sellkit.ru/getImage.php?compressionQuality=90&crop=0&background=1&format=webp&domain=ayamm-panel.s2.sellkit.ru&time=1&url=%2FNewContent%2FPlates%2Fayamm_%2F267%2F358342_507ee53d-e4a4-4651-8b01-dc0852259e09.jpg&width=627&height=627
Суши,Суши,Лосось суши Спайс,"Традиционное японское блюдо. Рис и лосось в идеальной комбинации с нашим фирменным спайси соусом. Подаём с маринованным имбирём, жгучим васаби и соевым соусом. СОСТАВ: Лосось, рис, водоросли нори, соус спайси. ВЕС: 80 гр / 2 шт",520,В 100 г158.7 ккалБелки7.5 гЖиры3.1 гУглеводы25.2 г,https://ayamm-panel.s2.sellkit.ru/getImage.php?compressionQuality=90&crop=0&background=1&format=webp&domain=ayamm-panel.s2.sellkit.ru&time=1&url=%2FNewContent%2FPlates%2Fayamm_%2F266%2F358342_828d4627-679d-4387-9146-2ac4c8057675.jpg&width=627&height=627
Суши,Суши,Эби суши,"Традиционное японское блюдо. На подушечку из риса мы выкладываем нежную креветку. Подаём с маринованным имбирём, жгучим васаби и соевым соусом. СОСТАВ: Тигровые креветки, рис. ВЕС: 70 гр / 2 шт",470,В 100 г14.1 ккалБелки0.3 гЖиры0.1 гУглеводы3 г,https://ayamm-panel.s2.sellkit.ru/getImage.php?compressionQuality=90&crop=0&background=1&format=webp&domain=ayamm-panel.s2.sellkit.ru&time=1&url=%2FNewContent%2FPlates%2Fayamm_%2F265%2F358342_ad865702-c4e8-4cb4-a1c0-58a8d6cc4394.jpg&width=627&height=627
Суши,Суши,Угорь суши,"Традиционное японское блюдо. На подушечку из риса мы выкладываем копченого угря, поливаем сладковатым соусом унаги и посыпаем кунжутом. Подаём с маринованным имбирём, жгучим васаби и соевым соусом. СОСТАВ: Угорь, рис, водоросли нори, соус унаги, кунжут. ВЕС: 70 гр / 2 шт",670,В 100 г26.6 ккалБелки0.9 гЖиры1.1 гУглеводы3.4 г,https://ayamm-panel.s2.sellkit.ru/getImage.php?compressionQuality=90&crop=0&background=1&format=webp&domain=ayamm-panel.s2.sellkit.ru&time=1&url=%2FNewContent%2FPlates%2Fayamm_%2F264%2F358342_c5580314-0373-4ea1-8119-489c0844715a.jpg&width=627&height=627
Суши,Суши,Тунец суши,"Простое, при этом идеальное сочетание охлажденного тунца и риса. Подаём с маринованным имбирём, жгучим васаби и соевым соусом. СОСТАВ: Тунец, рис. ВЕС: 70 гр / 2 шт",480,В 100 г20.9 ккалБелки1 гЖиры0.2 гУглеводы3.8 г,https://ayamm-panel.s2.sellkit.ru/getImage.php?compressionQuality=90&crop=0&background=1&format=webp&domain=ayamm-panel.s2.sellkit.ru&time=1&url=%2FNewContent%2FPlates%2Fayamm_%2F263%2F358342_03296cb9-e696-48a3-986f-9e2c3172ed89.jpg&width=627&height=627
Суши,Суши,Лосось суши,"70 г

Лосось, рис.",520,"260.20

ККал

12.50

Белки

42.80

Углеводы

4.40

Жиры

На 100 грамм *",https://ayamm-panel.s2.sellkit.ru/getImage3.php?compressionQuality=90&crop=0&format=webp&background=1&domain=ayamm-panel.s2.sellkit.ru&time=5&url=%2FNewContent%2FPlates%2Fayamm_%2Fba506a24b896453ae1de0643f34c3ace.JPEG&folder=ayamm&width=1056&height=1056
Онигири,Онигири,Онигири Сурими,"СОСТАВ: Сурими, рис, огурец, сыр сливочный, водоросли нори, соус Спайси. ВЕС: 100гр/ 1шт",170,В 100 г228 ккалБелки5.9 гЖиры3.8 гУглеводы42.6 г,https://ayamm-panel.s2.sellkit.ru/getImage.php?compressionQuality=90&crop=0&background=1&format=webp&domain=ayamm-panel.s2.sellkit.ru&time=1&url=%2FNewContent%2FPlates%2Fayamm_%2F348%2F358342_70f08576-fe47-4d35-917f-2005c54b5f01.jpg&width=627&height=627
Онигири,Онигири,Онигири с лососем жареным спайси,"СОСТАВ: Лосось жареный, кимчи, икра тобико, рис, огурцы, сыр сливочный, водоросли нори, майонез. ВЕС: 100гр/ 1шт",255,В 100 г245 ккалБелки6.8 гЖиры5 гУглеводы43.3 г,https://ayamm-panel.s2.sellkit.ru/getImage.php?compressionQuality=90&crop=0&background=1&format=webp&domain=ayamm-panel.s2.sellkit.ru&time=1&url=%2FNewContent%2FPlates%2Fayamm_%2F347%2F358342_ce739f88-e40c-4e59-a3ce-f9012ba80298.jpg&width=627&height=627
Онигири,Онигири,Онигири с лососем,"СОСТАВ: Лосось, рис, огурец, сыр сливочный, водоросли нори, майонез. ВЕС: 100гр/ 1шт",255,В 100 г235.8 ккалБелки7 гЖиры4.1 гУглеводы42.8 г,https://ayamm-panel.s2.sellkit.ru/getImage.php?compressionQuality=90&crop=0&background=1&format=webp&domain=ayamm-panel.s2.sellkit.ru&time=1&url=%2FNewContent%2FPlates%2Fayamm_%2F346%2F358342_dd75dc2b-877a-4c26-83ae-0bd8c9acef10.jpg&width=627&height=627
Онигири,Онигири,Онигири с курицей,"СОСТАВ: Куриная грудка, рис, огурец, сыр сливочный, водоросли нори, майонез. ВЕС: 100гр/ 1шт",200,В 100 г234.7 ккалБелки7.5 гЖиры4.5 гУглеводы41.1 г,https://ayamm-panel.s2.sellkit.ru/getImage.php?compressionQuality=90&crop=0&background=1&format=webp&domain=ayamm-panel.s2.sellkit.ru&time=1&url=%2FNewContent%2FPlates%2Fayamm_%2F345%2F358342_156871e5-1f16-466b-957a-5bbccd51a3cd.jpg&width=627&height=627
Онигири,Онигири,Онигири с креветкой спайси,"СОСТАВ: Тигровые креветки, рис, огурец, сыр сливочный, соус Спайси, водоросли нори. ВЕС: 100гр/ 1шт",255,В 100 г220.1 ккалБелки5.1 гЖиры3.7 гУглеводы41.6 г,https://ayamm-panel.s2.sellkit.ru/getImage.php?compressionQuality=90&crop=0&background=1&format=webp&domain=ayamm-panel.s2.sellkit.ru&time=1&url=%2FNewContent%2FPlates%2Fayamm_%2F344%2F358342_3d1bc326-fb0e-4eed-82d3-033e9f3afac6.jpg&width=627&height=627
Салаты,Салаты,Цезарь с курицей,"Классический салат в авторском исполнении. На подушку из хрустящего салата и спелых томатов черри мы выкладываем маринованную куриную грудку под золотистой корочкой. Салат подаем под облаком из сыра пармезан и хрустящими гренками. СОСТАВ: Маринованное куриное филе, микс салата, помидоры черри, сыр пармезан, соус цезарь, гренки. ВЕС: 160",520,В 100 г143.7 ккалБелки7.2 гЖиры12 гУглеводы1.7 г,https://ayamm-panel.s2.sellkit.ru/getImage.php?compressionQuality=90&crop=0&background=1&format=webp&domain=ayamm-panel.s2.sellkit.ru&time=1&url=%2FNewContent%2FPlates%2Fayamm_%2F248%2F358342_1a309c42-137a-4625-93f7-a2a7e3e70e89.jpg&width=627&height=627
Салаты,Салаты,Цезарь с креветками,"Классический салат в авторском исполнении. На подушку из хрустящего салата и спелых томатов черри мы выкладываем обжаренные тигровые креветки. Салат подаем под облаком из сыра пармезан и с хрустящими гренками. СОСТАВ: Тигровые креветки, микс салата, помидоры черри, сыр пармезан, соус цезарь, гренки. ВЕС: 160",670,В 100 г76 ккалБелки1.4 гЖиры7.1 гУглеводы1.6 г,https://ayamm-panel.s2.sellkit.ru/getImage.php?compressionQuality=90&crop=0&background=1&format=webp&domain=ayamm-panel.s2.sellkit.ru&time=1&url=%2FNewContent%2FPlates%2Fayamm_%2F247%2F358342_fc386fbf-6dfb-4cd8-bf57-9bba6d95d01d.jpg&width=627&height=627
Салаты,Салаты,Теплый салат с морепродуктами,"На подушку из листьев салата, шпината, спелых томатов и огурцов, мы выкладываем морепродукты, обжаренные в нашем фирменном сладко-соевом соусе. Кстати, салат украшается облаком пармезана и подается с теплой карамельной заправкой. СОСТАВ: Лосось, кальмары, тигровые креветки, тилапия, микс салата, листья шпината, сыр пармезан, помидоры, огурцы, соевый соус, рисовый соус мирин, масло сливочное. ВЕС: 250",1010,В 100 г148.4 ккалБелки7.8 гЖиры4.7 гУглеводы18.8 г,https://ayamm-panel.s2.sellkit.ru/getImage.php?compressionQuality=90&crop=0&background=1&format=webp&domain=ayamm-panel.s2.sellkit.ru&time=1&url=%2FNewContent%2FPlates%2Fayamm_%2F246%2F358342_394b639c-3c87-48b5-b62e-975ae6804ae6.jpg&width=627&height=627
Салаты,Салаты,Салат Эби Кан,"Восхитительное сочетание креветок, свежего шпината и нежной киноа, которые придают блюду неповторимый вкус и аромат. Сливочный соус, добавляющий особую нотку, подчеркивает богатство вкусовых оттенков и создает идеальное завершение этого кулинарного шедевра. СОСТАВ: Креветки тигровые, киноа, шпинат, соус Венсан, авокадо, мандарины. ВЕС: 160",650,В 100 г112.1 ккалБелки3.3 гЖиры5.4 гУглеводы12.6 г,https://ayamm-panel.s2.sellkit.ru/getImage.php?compressionQuality=90&crop=0&background=1&format=webp&domain=ayamm-panel.s2.sellkit.ru&time=1&url=%2FNewContent%2FPlates%2Fayamm_%2F245%2F358342_4049aa12-2896-4ca5-9890-2b923eb7e617.jpg&width=627&height=627
Салаты,Салаты,Салат Азиатский с жареными креветками,"На подушке из салата, хрустящего огурца и спелого авокадо подаются обжаренные креветки под соусом песто из ароматной кинзы. СОСТАВ: Тигровые креветки, микс салата, помидоры черри, авокадо, огурцы, соус песто из кинзы, кунжут, лимон. ВЕС: 220",750,В 100 г140.8 ккалБелки1 гЖиры13.9 гУглеводы2.8 г,https://ayamm-panel.s2.sellkit.ru/getImage.php?compressionQuality=90&crop=0&background=1&format=webp&domain=ayamm-panel.s2.sellkit.ru&time=1&url=%2FNewContent%2FPlates%2Fayamm_%2F244%2F358342_e6583d4a-8325-470f-b1f6-bf328734b846.jpg&width=627&height=627
Салаты,Салаты,Поке с тигровыми креветками,"На подушку из риса мы выкладываем тигровую креветку, свежие овощи и ананас, подаем с ореховым соусом. СОСТАВ: Тигровые креветки, рис, авокадо, огурцы, ананас, листья шпината, помидоры черри, соус гамадари, кунжут. ВЕС: 270",650,В 100 г199.8 ккалБелки5.9 гЖиры7 гУглеводы28.4 г,https://ayamm-panel.s2.sellkit.ru/getImage.php?compressionQuality=90&crop=0&background=1&format=webp&domain=ayamm-panel.s2.sellkit.ru&time=1&url=%2FNewContent%2FPlates%2Fayamm_%2F243%2F358342_24fe4490-6eba-4fe3-b660-174a401b6c8f.jpg&width=627&height=627
Салаты,Салаты,Поке с лососем,"На подушку из риса мы выкладываем ломтики охлажденного лосося, свежие овощи и ананас, подаем с ореховым соусом. СОСТАВ: Лосось, рис, авокадо, огурцы, ананас, листья шпината, помидоры черри, соус гамадари, кунжут. ВЕС: 260",670,В 100 г215 ккалБелки8.2 гЖиры7.7 гУглеводы28.3 г,https://ayamm-panel.s2.sellkit.ru/getImage.php?compressionQuality=90&crop=0&background=1&format=webp&domain=ayamm-panel.s2.sellkit.ru&time=1&url=%2FNewContent%2FPlates%2Fayamm_%2F242%2F358342_43c213fb-2956-4ff4-8ae7-a7d550496638.jpg&width=627&height=627
Салаты,Салаты,Кайсо Сарада салат,"Водоросли чука, приправленные ореховым соусом гамадари и украшенные обжаренным кунжутом. СОСТАВ: Водоросли чука, соус гамадари, кунжут. ВЕС: 130",370,В 100 г208.2 ккалБелки7.2 гЖиры14.1 гУглеводы13.2 г,https://ayamm-panel.s2.sellkit.ru/getImage.php?compressionQuality=90&crop=0&background=1&format=webp&domain=ayamm-panel.s2.sellkit.ru&time=1&url=%2FNewContent%2FPlates%2Fayamm_%2F241%2F358342_742d4c95-e524-415c-a554-e03461601f92.jpg&width=627&height=627
Супы,Супы,Том Ям с морепродуктами,"Классический тайский суп с традиционными специями, нежным кокосовым молоком и морепродуктами. Подается с рисом, ароматным лимоном и жгучим чили. СОСТАВ: Основа том ям (лемонграсс, имбирь, паста том ям, паста том кха, бульон куриный, масло кунжутно-растительное), мидии, тигровые креветки, кальмары, грибы шампиньоны, молоко кокосовое, помидоры черри, кунжут, листья лайма, рис, лимон, перец чили. ВЕС: 400/120/15/1",710,В 100 г88.4 ккалБелки3.1 гЖиры3.9 гУглеводы10.1 г,https://ayamm-panel.s2.sellkit.ru/getImage.php?compressionQuality=90&crop=0&background=1&format=webp&domain=ayamm-panel.s2.sellkit.ru&time=1&url=%2FNewContent%2FPlates%2Fayamm_%2F240%2F358342_df2c07ae-def0-4cae-ac6a-6fe7e3109124.jpg&width=627&height=627
Супы,Супы,Том Ям с курицей,"Классический тайский суп с традиционными специями, нежным кокосовым молоком и куриным филе. Подается с рисом, ароматным лимоном и жгучим чили. СОСТАВ: Основа том ям (лемонграсс, имбирь, паста том ям, паста том кха, бульон куриный, масло кунжутно-растительное), маринованное куриное филе, грибы шампиньоны, молоко кокосовое, помидоры черри, листья лайма, кинза, рис, лимон, перец чили . ВЕС: 420/120/15/1",610,В 100 г120.9 ккалБелки5 гЖиры5.2 гУглеводы13.6 г,https://ayamm-panel.s2.sellkit.ru/getImage.php?compressionQuality=90&crop=0&background=1&format=webp&domain=ayamm-panel.s2.sellkit.ru&time=1&url=%2FNewContent%2FPlates%2Fayamm_%2F239%2F358342_44691e6a-685c-4be1-b23b-006721e1a509.jpg&width=627&height=627
Супы,Супы,Том Ям с креветками,"Классический тайский суп с традиционными специями, нежным кокосовым молоком и креветками. Подается с рисом, ароматным лимоном и жгучим чили. СОСТАВ: Основа том ям (лемонграсс, имбирь, паста том ям, паста том кха, бульон куриный, масло кунжутно-растительное), тигровые креветки, грибы шампиньоны, молоко кокосовое, помидоры черри, листья лайма, рис, лимон, перец чили. ВЕС: 400/120/15/1",670,В 100 г57.4 ккалБелки1.5 гЖиры2.6 гУглеводы6.9 г,https://ayamm-panel.s2.sellkit.ru/getImage.php?compressionQuality=90&crop=0&background=1&format=webp&domain=ayamm-panel.s2.sellkit.ru&time=1&url=%2FNewContent%2FPlates%2Fayamm_%2F238%2F852577b2-ee6f-4ee7-9626-533a9771cd69.jpg&width=627&height=627
Супы,Супы,Суп Кимчи Эби,"Нежный суп с приятной остротой, мы готовим на основе куриного бульона с добавлением соуса кимчи, остроту которого балансирует нежный сливочный сыр. Подаем с лапшой, которую мы готовим сами, креветками, ароматным зелёным луком. СОСТАВ: Тигровые креветки, лапша удон, соус кимчи, сыр сливочный, болгарский перец, бульон куриный, водоросли нори, яйцо куриное, зеленый лук, соус рыбный, масло кунжутное, масло растительное. ВЕС: 450",610,В 100 г80.2 ккалБелки3.3 гЖиры4.8 гУглеводы6.1 г,https://ayamm-panel.s2.sellkit.ru/getImage.php?compressionQuality=90&crop=0&background=1&format=webp&domain=ayamm-panel.s2.sellkit.ru&time=1&url=%2FNewContent%2FPlates%2Fayamm_%2F237%2F358342_5b8f4064-345e-4b21-9e14-254e836b51a7.jpg&width=627&height=627
Супы,Супы,Суп Кимчи с курицей,"Нежный суп с приятной остротой, мы готовим на основе куриного бульона с добавлением соуса кимчи, остроту которого балансирует нежный сливочный сыр. Подаем с лапшой, которую мы готовим сами, обжаренной куриной грудкой и, ароматным зелёным луком. СОСТАВ: Маринованное куриное филе, лапша удон, соус кимчи, сыр сливочный, болгарский перец, бульон куриный, водоросли нори, яйцо куриное, зеленый лук, соус рыбный, масло кунжутное, масло растительное. ВЕС: 450",490,В 100 г360.3 ккалБелки21.9 гЖиры19.4 гУглеводы24.5 г,https://ayamm-panel.s2.sellkit.ru/getImage.php?compressionQuality=90&crop=0&background=1&format=webp&domain=ayamm-panel.s2.sellkit.ru&time=1&url=%2FNewContent%2FPlates%2Fayamm_%2F236%2F358342_2d84f69b-cc82-4e13-bdcd-2fb85f7022fc.jpg&width=627&height=627
Супы,Супы,Рамэн с куриной грудкой,"Горячий суп на основе насыщенного куриного бульона, с добавлением японских специй. Подается с пшеничной лапшой собственного производства, отварным яйцом и куриной грудкой под золотистой корочкой. СОСТАВ: Маринованное куриное филе, лапша удон, куриное яйцо, соевая мисо паста, соевый соус, чесночно-имбирная паста, зеленый лук, куриный бульон. ВЕС: 450",490,В 100 г93.4 ккалБелки5.6 гЖиры3.9 гУглеводы8.9 г,https://ayamm-panel.s2.sellkit.ru/getImage.php?compressionQuality=90&crop=0&background=1&format=webp&domain=ayamm-panel.s2.sellkit.ru&time=1&url=%2FNewContent%2FPlates%2Fayamm_%2F235%2F358342_b859bfa9-1bcc-4c6a-8b9f-d721d3994551.jpg&width=627&height=627
Супы,Супы,Том Кха,"540 г

Бульон куриный, куриное филе, шампиньоны, томаты черри, паста том кха, молоко кокосовое, сливки, кинза, рис, лимон, перец чили, масло кунжутное, масло растительное.",570,"163.50

ККал

5.80

Белки

16.60

Углеводы

8.20

Жиры

* на 100 грамм",https://ayamm-panel.s2.sellkit.ru/getImage.php?compressionQuality=90&crop=0&format=webp&background=1&domain=ayamm-panel.s2.sellkit.ru&time=3&url=%2FNewContent%2FPlates%2Fayamm_%2F29e3ddf8376ebb285aaa426ce58c1c40.JPEG&width=1056&height=1056
Горячие блюда,Горячие блюда,Тяхан с морепродуктами,"Традиционный японский рис, обжаренный с овощами, яйцом и морепродуктами в сладко-соевом соусе унаги. Подается с кунжутом, ароматным зелёным луком и долькой лимона. СОСТАВ: Лосось, тилапия, кальмары, тигровые креветки, мидии, рис, болгарский перец, лук репчатый, морковь, капуста пекинская, яйцо куриное, соус соевый, кунжут, соус унаги, лимон, зеленый лук. ВЕС: 300",670,В 100 г154.7 ккалБелки6.5 гЖиры5.1 гУглеводы20.7 г,https://ayamm-panel.s2.sellkit.ru/getImage.php?compressionQuality=90&crop=0&background=1&format=webp&domain=ayamm-panel.s2.sellkit.ru&time=1&url=%2FNewContent%2FPlates%2Fayamm_%2F234%2F358342_dfced4ad-b6dd-494f-aa6b-4087941ebacb.jpg&width=627&height=627
Горячие блюда,Горячие блюда,Тяхан с куриным филе,"Традиционный японский рис, обжаренный с овощами, яйцом и нежным куриным филе под сладко-соевым соусом унаги. Посыпается кунжутом, зелёным луком и долькой лимона. СОСТАВ: Маринованное куриное филе, рис, болгарский перец, лук репчатый, морковь, капуста пекинская, яйцо куриное, соус соевый, кунжут, соус унаги, лимон, лук зеленый. ВЕС: 300",550,В 100 г170.7 ккалБелки7.3 гЖиры5.4 гУглеводы23.1 г,https://ayamm-panel.s2.sellkit.ru/getImage.php?compressionQuality=90&crop=0&background=1&format=webp&domain=ayamm-panel.s2.sellkit.ru&time=1&url=%2FNewContent%2FPlates%2Fayamm_%2F233%2F358342_e7d312fa-4911-498b-b105-c87a41c0a9ef.jpg&width=627&height=627
Горячие блюда,Горячие блюда,Тяхан с креветками,"Креветки тигровые, рис, болгарский перец, лук репчатый, морковь, пекинская капуста, яйцо куриное, соевый соус, кунжут белый,унаги соус, лимон, лук зеленый, 300гр",670,В 100 г184.2 ккалБелки5.1 гЖиры6.2 гУглеводы27.1 г,https://ayamm-panel.s2.sellkit.ru/getImage.php?compressionQuality=90&crop=0&background=1&format=webp&domain=ayamm-panel.s2.sellkit.ru&time=1&url=%2FNewContent%2FPlates%2Fayamm_%2F232%2F358342_84f0abc3-333a-45e4-bee1-e7d968fadb66.jpg&width=627&height=627
Горячие блюда,Горячие блюда,Тяхан с говядиной,"Говядина маринованная, рис, болгарский перец, лук репчатый, морковь, пекинская капуста, яйцо куриное, соевый соус, кунжут белый,унаги соус, лимон, лук зеленый, 300гр",670,В 100 г219.1 ккалБелки8 гЖиры8.7 гУглеводы27.2 г,https://ayamm-panel.s2.sellkit.ru/getImage.php?compressionQuality=90&crop=0&background=1&format=webp&domain=ayamm-panel.s2.sellkit.ru&time=1&url=%2FNewContent%2FPlates%2Fayamm_%2F231%2F358342_ca77d250-41c3-4fd5-a5d7-f95d963ac022.jpg&width=627&height=627
Горячие блюда,Горячие блюда,Курица Тонкацу,"Нежное куриное филе обжаривается в кляре до хрустящей корочки и подается в сочетании с картофельными дольками, листьями салата и томатами черри. К блюду подается кисло-сладкий соус на основе граната и арахиса. СОСТАВ: Маринованное куриное филе, кляр, сухари панко, дольки картофельные, микс салата, помидоры черри, соус хойсин, соус наршараб. ВЕС: 190/20",570,В 100 г240.5 ккалБелки8.5 гЖиры15.2 гУглеводы17.5 г,https://ayamm-panel.s2.sellkit.ru/getImage.php?compressionQuality=90&crop=0&background=1&format=webp&domain=ayamm-panel.s2.sellkit.ru&time=1&url=%2FNewContent%2FPlates%2Fayamm_%2F230%2F358342_afe0f918-9db7-47f8-a793-e2064f634f4c.jpg&width=627&height=627
Горячие блюда,Горячие блюда,Курица габаджоу,"Куриную грудку обжариваем в кляре, тушим в фирменном соусе габаджоу с овощами и подаём с рисом, долькой ароматного лайма с кинзой. СОСТАВ: Маринованное куриное филе, болгарский перец, лук репчатый, цукини, масло кунжутно-растительное, рис, бульон куриный, паста томатная, уксус мицукан, соус соевый, кинза, перец чили, кунжут, лайм. ВЕС: 270",570,В 100 г251.7 ккалБелки10.9 гЖиры8.9 гУглеводы31.9 г,https://ayamm-panel.s2.sellkit.ru/getImage.php?compressionQuality=90&crop=0&background=1&format=webp&domain=ayamm-panel.s2.sellkit.ru&time=1&url=%2FNewContent%2FPlates%2Fayamm_%2F229%2F358342_7aea79f2-ae82-4f9b-9279-b4d0322176b7.jpg&width=627&height=627
WOK,WOK,WOK с курицей в кокосовом карри,"Лапша с овощами и курицей под ароматным соусом карри с добавлением нежного кокосового молока, подается с хрустящими лепестками миндаля и ароматным зелёным луком. С какой лапшой для вас приготовим: гречневой, фунчозой (тонкая стеклянная) или пшеничной собственного приготовления? СОСТАВ: Маринованное куриное филе, лапша, морковь, лук репчатый, болгарский перец, капуста пекинская, сливки, соус соевый, паста чесночно-имбирная, паста карри, лепестки миндальные, молоко кокосовое, масло кунжутно-растительное, кунжут, лук зеленый. ВЕС: 270",570,В 100 г149.1 ккалБелки6.2 гЖиры12.7 гУглеводы2.5 г,https://ayamm-panel.s2.sellkit.ru/getImage.php?compressionQuality=90&crop=0&format=webp&background=1&domain=ayamm-panel.s2.sellkit.ru&time=3&url=%2FNewContent%2FPlates%2Fayamm_%2Febe13787097192f7c78a2da154fa0527.JPEG&width=1056&height=1056
WOK,WOK,WOK с курицей,"Лапша с овощами и курицей под ароматным кисло-сладким соусом с добавлением кунжутного масла. С какой лапшой для вас приготовим: гречневой, фунчозой (тонкая стеклянная) или пшеничной собственного приготовления? СОСТАВ: Маринованное куриное филе, лапша, морковь, лук репчатый, болгарский перец, капуста пекинская, бульон куриный, соус кисло-сладкий, соус соевый, паста чесночно-имбирная, масло кунжутно-растительное, кунжут, лук зеленый. ВЕС: 270",570,В 100 г84.8 ккалБелки5 гЖиры5 гУглеводы4.9 г,https://ayamm-panel.s2.sellkit.ru/getImage.php?compressionQuality=90&crop=0&format=webp&background=1&domain=ayamm-panel.s2.sellkit.ru&time=3&url=%2FNewContent%2FPlates%2Fayamm_%2F8cc7323157ef573784e5f7b2721fd7ec.JPEG&width=1056&height=1056
WOK,WOK,WOK с креветками,"Лапша с овощами и креветками под ароматным соусом карри с добавлением нежных сливок. С какой лапшой для вас приготовим: гречневой, фунчозой (тонкая стеклянная) или пшеничной собственного приготовления? СОСТАВ: Тигровые креветки, лапша, морковь, помидоры черри, лук репчатый, болгарский перец, капуста пекинская, бульон куриный, паста карри, куркума, сливки, соус соевый, паста чесночно-имбирная, масло кунжутно-растительное, кунжут, лук зеленый. ВЕС: 300",670,В 100 г86.8 ккалБелки1.4 гЖиры8.2 гУглеводы1.8 г,https://ayamm-panel.s2.sellkit.ru/getImage.php?compressionQuality=90&crop=0&background=1&format=webp&domain=ayamm-panel.s2.sellkit.ru&time=1&url=%2FNewContent%2FPlates%2Fayamm_%2F250%2F358342_82eff3fa-126e-4f04-b004-20793599227c.jpg&width=627&height=627
WOK,WOK,WOK с говядиной,"Лапша с овощами и говядиной под сладко-соевым соусом терияки с добавлением ароматного кунжутного масла. С какой лапшой для вас приготовим: гречневой, фунчозой (тонкая стеклянная) или пшеничной собственного приготовления? СОСТАВ: Вырезка говяжья маринованная, лапша, морковь, лук репчатый, болгарский перец, капуста пекинская, бульон куриный, соус терияки, соус соевый, паста чесночно-имбирная, масло кунжутно-растительное, кунжут, зеленый лук. ВЕС: 270",610,В 100 г102.7 ккалБелки4.7 гЖиры7.4 гУглеводы4.3 г,https://ayamm-panel.s2.sellkit.ru/getImage.php?compressionQuality=90&crop=0&background=1&format=webp&domain=ayamm-panel.s2.sellkit.ru&time=1&url=%2FNewContent%2FPlates%2Fayamm_%2F249%2F358342_766786c6-251f-4802-b4fa-b2c6c3b97d18.jpg&width=627&height=627
Детское меню,Детское меню,Шашлычок из курицы с овощными палочками,"Классический шашлычок из куриного филе, подаем со свежими овощными палочками и соусом Цезарь. СОСТАВ: Маринованное куриное филе, специи для курицы, чесночно имбирная паста, соевый соус, огурец, морковь, перец свежий, соус Цезарь ВЕС: 75/60/30",390,В 100 г117.2 ккалБелки11.4 гЖиры7.1 гУглеводы1.8 г,https://ayamm-panel.s2.sellkit.ru/getImage.php?compressionQuality=90&crop=0&background=1&format=webp&domain=ayamm-panel.s2.sellkit.ru&time=1&url=%2FNewContent%2FPlates%2Fayamm_%2F277%2F358342_8fc13780-84d4-413e-99a8-4f25f6f4dee9.jpg&width=627&height=627
Детское меню,Детское меню,Чикен Сан,"Сочная куриная котлетка, обжаренная до золотистой корочки в паре с ароматными картофельными дольками и томатным кетчупом. СОСТАВ: Куриная котлета, сухари панко, кляр, картофель на выбор фри/дольки, кетчуп. ВЕС: 50/70/30",390,В 100 г67.2 ккалБелки6.7 гЖиры0.9 гУглеводы8 г,https://ayamm-panel.s2.sellkit.ru/getImage.php?compressionQuality=90&crop=0&background=1&format=webp&domain=ayamm-panel.s2.sellkit.ru&time=1&url=%2FNewContent%2FPlates%2Fayamm_%2F276%2F358342_6c7d3676-1b8f-42c5-a2f9-bb27c4d04cd5.jpg&width=627&height=627
Детское меню,Детское меню,Сырные палочки,"Палочки в хрустящей панировке мы подаём с сырным соусом. СОСТАВ: Сыр гауда, кляр, сухари панко, сырный соус. ВЕС: 85/30",250,В 100 г74.4 ккалБелки2 гЖиры6.4 гУглеводы2.2 г,https://ayamm-panel.s2.sellkit.ru/getImage.php?compressionQuality=90&crop=0&background=1&format=webp&domain=ayamm-panel.s2.sellkit.ru&time=1&url=%2FNewContent%2FPlates%2Fayamm_%2F275%2F358342_bce6c689-2107-427b-a434-4513d0f672de.jpg&width=627&height=627
Детское меню,Детское меню,Супчик с курицей,"Лёгкиий супчик, приготовленный на курином бульоне с овощами и лапшой. СОСТАВ: Куриное филе, морковь, домашняя лапша, куриный бульон. ВЕС: 200",250,В 100 г71.6 ккалБелки4.5 гЖиры4.8 гУглеводы2.7 г,https://ayamm-panel.s2.sellkit.ru/getImage.php?compressionQuality=90&crop=0&background=1&format=webp&domain=ayamm-panel.s2.sellkit.ru&time=1&url=%2FNewContent%2FPlates%2Fayamm_%2F274%2F358342_62a6994d-a405-45ff-9598-8f8dc66d834a.jpg&width=627&height=627
Детское меню,Детское меню,Макарошки с курицей и брокколи,"Нежная лапша, которую мы готовим сами, с сочной курицей, томатами черри и брокколи. СОСТАВ: Куриное филе, лапша удон, брокколи, сливки, помидоры черри. Вес: 200",310,В 100 г187.1 ккалБелки10.2 гЖиры5.9 гУглеводы23.3 г,https://ayamm-panel.s2.sellkit.ru/getImage.php?compressionQuality=90&crop=0&background=1&format=webp&domain=ayamm-panel.s2.sellkit.ru&time=1&url=%2FNewContent%2FPlates%2Fayamm_%2F273%2F358342_02ffe07e-bf95-43be-afaf-d7e9335895ab.jpg&width=627&height=627
Детское меню,Детское меню,Картофельные дольки,"Картофельные дольки, обжаренные до золотистой корочки во фритюре. ВЕС: 150",250,,https://ayamm-panel.s2.sellkit.ru/getImage.php?compressionQuality=90&crop=0&background=1&format=webp&domain=ayamm-panel.s2.sellkit.ru&time=1&url=%2FNewContent%2FPlates%2Fayamm_%2F272%2F358342_6079eac0-14f3-45b9-a5e6-798e9904670a.jpg&width=627&height=627
Детское меню,Детское меню,Картофель фри,"Картофель фри, обжаренный до золотистой корочки во фритюре. ВЕС: 150",250,В 100 г218.1 ккалБелки1.8 гЖиры19.4 гУглеводы9.2 г,https://ayamm-panel.s2.sellkit.ru/getImage.php?compressionQuality=90&crop=0&background=1&format=webp&domain=ayamm-panel.s2.sellkit.ru&time=1&url=%2FNewContent%2FPlates%2Fayamm_%2F271%2F358342_f3910cf9-ea5b-4e09-9532-967e589b96ec.jpg&width=627&height=627
Детское меню,Детское меню,Бургер с курицей,"Пышные обжаренные булочки для бургера, сочные помидоры, хрустящий огурец в сочетании с нежнейшей куриной котлетой под тающим сыром СОСТАВ: Булочка, куриная котлета, помидоры, огурцы, микс салата, картофельные дольки, соус цезарь, кетчуп, сыр. ВЕС: 200/70/30",460,В 100 г185.1 ккалБелки5.7 гЖиры11.7 гУглеводы14.3 г,https://ayamm-panel.s2.sellkit.ru/getImage.php?compressionQuality=90&crop=0&background=1&format=webp&domain=ayamm-panel.s2.sellkit.ru&time=1&url=%2FNewContent%2FPlates%2Fayamm_%2F270%2F358342_59aec304-eacc-4358-a804-b3d66de92032.jpg&width=627&height=627
Десерты,Десерты,Чизкейк со смородиновым соусом,"Сливочно-сырный чизкейк на тонкой основе из песочного печенья. Подаётся с соусом из черной смородины. Украшается мятой. СОСТАВ: Сливочный сыр, корж песочный, сливки, масло сливочное, яйцо куриное, сахарный песок. ВЕС: 110/30",390,В 100 г287.3 ккалБелки4.4 гЖиры15.6 гУглеводы32.3 г,https://ayamm-panel.s2.sellkit.ru/getImage.php?compressionQuality=90&crop=0&format=webp&background=1&domain=ayamm-panel.s2.sellkit.ru&time=3&url=%2FNewContent%2FPlates%2Fayamm_%2Fd7bfad65a5af34314c54c4e1ed6714bb.JPEG&width=1056&height=1056
Десерты,Десерты,Чизкейк с манго-апельсиновым соусом,"Сливочно-сырный чизкейк на тонкой основе из песочного печенья. Подаётся с соусом из манго и апельсина. Украшается мятой. СОСТАВ: Основа из творожного сыра и сливок на песочной подложке, пюре из манго и апельсина, мята. ВЕС: 110/30",390,В 100 г187.6 ккалБелки3.3 гЖиры11.8 гУглеводы17.1 г,https://ayamm-panel.s2.sellkit.ru/getImage.php?compressionQuality=90&crop=0&format=webp&background=1&domain=ayamm-panel.s2.sellkit.ru&time=3&url=%2FNewContent%2FPlates%2Fayamm_%2F1d00261e40907ab85085e99d0efc4003.JPEG&width=1056&height=1056
Десерты,Десерты,Чизкейк классический,"Сливочно-сырный чизкейк на тонкой основе из песочного печенья. СОСТАВ: Сливочный сыр, песочный корж, сливки, сливочное масло, куриное яйцо, сахарный песок ВЕС: 110",320,В 100 г277.6 ккалБелки5 гЖиры18.4 гУглеводы23.1 г,https://ayamm-panel.s2.sellkit.ru/getImage.php?compressionQuality=90&crop=0&format=webp&background=1&domain=ayamm-panel.s2.sellkit.ru&time=3&url=%2FNewContent%2FPlates%2Fayamm_%2F9af10da382b0c4de70e2354fbad5d85b.JPEG&width=1056&height=1056
Десерты,Десерты,Торт Хамелеон,"СОСТАВ: Медовый бисквит, суфле, молоко сгущенное, масло сливочное, безе, грецкий орех, фундучная паста. ВЕС: 120",410,В 100 г387.3 ккалБелки3.5 гЖиры25.2 гУглеводы36.6 г,https://ayamm-panel.s2.sellkit.ru/getImage.php?compressionQuality=90&crop=0&format=webp&background=1&domain=ayamm-panel.s2.sellkit.ru&time=3&url=%2FNewContent%2FPlates%2Fayamm_%2F46a885e0d4d730ca491e61f26ef1e736.JPEG&width=1056&height=1056
Десерты,Десерты,Торт Сникерс,"СОСТАВ: Шоколадный бисквит, масляный крем, карамель, арахис. ВЕС: 130",420,В 100 г405.7 ккалБелки7.8 гЖиры24.1 гУглеводы39.3 г,https://ayamm-panel.s2.sellkit.ru/getImage.php?compressionQuality=90&crop=0&format=webp&background=1&domain=ayamm-panel.s2.sellkit.ru&time=3&url=%2FNewContent%2FPlates%2Fayamm_%2F1f39b4cdb2ba5aeba31b4680851d4bf2.JPEG&width=1056&height=1056
Десерты,Десерты,Торт Прага,"СОСТАВ: Шоколадный бисквит, фундучная паста, пюре арбрикос, шоколад, коньяк, молоко сгущеное, масло сливочное. ВЕС: 110",410,В 100 г319.4 ккалБелки5.8 гЖиры19.6 гУглеводы30 г,https://ayamm-panel.s2.sellkit.ru/getImage.php?compressionQuality=90&crop=0&format=webp&background=1&domain=ayamm-panel.s2.sellkit.ru&time=3&url=%2FNewContent%2FPlates%2Fayamm_%2F11debfdef1ee4cbb364b65c2f8390013.JPEG&width=1056&height=1056
Десерты,Десерты,Моти с черной смородиной,"Нежный японский десерт в тонкой оболочке из рисовой муки. Внутри тающий сливочный крем и начинка из чёрной смородины. Подаётся с соусом из чёрной смородины. Украшается сахарной пудрой и мятой. СОСТАВ: Рисовое тесто, сырный крем, начинка из чёрной смородины, соус смородиновый, мята, сахарная пудра. ВЕС: 100/15",370,В 100 г194 ккалБелки3.6 гЖиры5.5 гУглеводы32.6 г,https://ayamm-panel.s2.sellkit.ru/getImage.php?compressionQuality=90&crop=0&format=webp&background=1&domain=ayamm-panel.s2.sellkit.ru&time=3&url=%2FNewContent%2FPlates%2Fayamm_%2Fc8a1c00f407c2b3fff53c8eef1f73512.JPEG&width=1056&height=1056
Десерты,Десерты,Моти манго-маракуйя,"Нежнейший японский десерт в тонкой оболочке из рисовой муки. Внутри тающий сливочный крем с яркой начинкой из пюре манго и маракуйя. Подаётся с соусом из манго и мякоти апельсина. Украшается сахарной пудрой и мятой. Рисовое тесто, сырный крем, начинка из пюре манго и пюре маракуйя, соус манго-апельсин, мята, сахарная пудра. ВЕС: 100/15",370,В 100 г172 ккалБелки3.5 гЖиры5.4 гУглеводы27.3 г,https://ayamm-panel.s2.sellkit.ru/getImage.php?compressionQuality=90&crop=0&format=webp&background=1&domain=ayamm-panel.s2.sellkit.ru&time=3&url=%2FNewContent%2FPlates%2Fayamm_%2F25b26ad155a203b40d4b83540671875d.JPEG&width=1056&height=1056
Десерты,Десерты,Морковный торт,"Сочный пряный морковный кекс с изюмом и хрустящими тыквенными семечками, пропитанный солёной карамелью с прослойкой из сливочного крема. СОСТАВ: Морковный кекс с корицей, изюмом и тыквенными семечками, сливочная солёная карамель, творожный сливочный крем. ВЕС: 130",350,В 100 г299.7 ккалБелки5.3 гЖиры17.7 гУглеводы29.8 г,https://ayamm-panel.s2.sellkit.ru/getImage.php?compressionQuality=90&crop=0&format=webp&background=1&domain=ayamm-panel.s2.sellkit.ru&time=3&url=%2FNewContent%2FPlates%2Fayamm_%2Fb4c749adb5488de1ab03dc8f78e9310c.JPEG&width=1056&height=1056
Десерты,Десерты,Меренговый рулет,"Нежный десерт гармонично сочетающий в себе сладость меренги и кислотность маракуйи. СОСТАВ: Меренга, начинка из пюре маракуйя и пюре манго, сырный крем. ВЕС: 100",350,В 100 г234.8 ккалБелки3.7 гЖиры10.8 гУглеводы30.5 г,https://ayamm-panel.s2.sellkit.ru/getImage.php?compressionQuality=90&crop=0&format=webp&background=1&domain=ayamm-panel.s2.sellkit.ru&time=3&url=%2FNewContent%2FPlates%2Fayamm_%2F32d7129848185460c22e4010174cd441.JPEG&width=1056&height=1056
Торты,Торты,Торт Чизкейк классический целый,"ВНИМАНИЕ: Заказы на целые торты принимаются не позднее чем за 2 дня до даты доставки! СОСТАВ: Сливочный сыр, корж песочный, сливки, масло сливочное, яйцо куриное, сахарный песок, мята. ВЕС: 1300",1950,,https://ayamm-panel.s2.sellkit.ru/getImage.php?compressionQuality=90&crop=0&background=1&format=webp&domain=ayamm-panel.s2.sellkit.ru&time=1&url=%2FNewContent%2FPlates%2Fayamm_%2F384%2F893a3dc2-6d57-4758-bd97-0293e228cf3c.jpg&width=627&height=627
Торты,Торты,Торт Три шоколада целый,"ВНИМАНИЕ: Заказы на целые торты принимаются не позднее чем за 2 дня до даты доставки! СОСТАВ: Мусс из 3-х видов шоколада (темный, молочный, белый), шоколадный бисквит. ВЕС: 1300",1950,,https://ayamm-panel.s2.sellkit.ru/getImage.php?compressionQuality=90&crop=0&background=1&format=webp&domain=ayamm-panel.s2.sellkit.ru&time=1&url=%2FNewContent%2FPlates%2Fayamm_%2F382%2F40e75482-060f-4203-9fe4-d15f35b3199f.jpg&width=627&height=627
Торты,Торты,Торт Сникерс целый,"ВНИМАНИЕ: Заказы на целые торты принимаются не позднее чем за 2 дня до даты доставки! СОСТАВ: Шоколадный бисквит, масляный крем, карамель, арахис. ВЕС: 1400",2100,,https://ayamm-panel.s2.sellkit.ru/getImage.php?compressionQuality=90&crop=0&background=1&format=webp&domain=ayamm-panel.s2.sellkit.ru&time=1&url=%2FNewContent%2FPlates%2Fayamm_%2F381%2F1d4508b1-8690-4bed-b74a-a73de1eb082b.jpg&width=627&height=627
Торты,Торты,Торт Прага целый,"ВНИМАНИЕ: Заказы на целые торты принимаются не позднее чем за 2 дня до даты доставки! СОСТАВ: Шоколадный бисквит, фундучная паста, пюре арбрикос, шоколад, коньяк, молоко сгущеное, масло сливочное. ВЕС: 1400",2100,,https://ayamm-panel.s2.sellkit.ru/getImage.php?compressionQuality=90&crop=0&background=1&format=webp&domain=ayamm-panel.s2.sellkit.ru&time=1&url=%2FNewContent%2FPlates%2Fayamm_%2F378%2Fce2c44cb-1bae-44c0-9579-9d43a132cbe6.jpg&width=627&height=627
Торты,Торты,Торт морковный целый,"ВНИМАНИЕ: Заказы на целые торты принимаются не позднее чем за 2 дня до даты доставки! СОСТАВ: Морковный кекс, сливочный сыр, сливочная соленая карамель, тыквенные семечки, изюм, сливочный творожный сыр, безе. ВЕС: 1500",2250,,https://ayamm-panel.s2.sellkit.ru/getImage.php?compressionQuality=90&crop=0&background=1&format=webp&domain=ayamm-panel.s2.sellkit.ru&time=1&url=%2FNewContent%2FPlates%2Fayamm_%2F377%2Fb305901d-3ee7-4576-8e6e-9ae63476c8bb.jpg&width=627&height=627
Торты,Торты,Рулет меренговый манго-маракуйя целый,"ВНИМАНИЕ: Заказы на целые торты принимаются не позднее чем за 2 дня до даты доставки! СОСТАВ: Меренга, начинка из пюре маракуйя и пюре манго, сырный крем, мята. ВЕС: 800",1200,,https://ayamm-panel.s2.sellkit.ru/getImage.php?compressionQuality=90&crop=0&background=1&format=webp&domain=ayamm-panel.s2.sellkit.ru&time=1&url=%2FNewContent%2FPlates%2Fayamm_%2F376%2Fbacdda07-e93b-40b1-9ab2-0d24f06a54a3.jpg&width=627&height=627
Напитки,Напитки,Апельсиновый фреш 250мл,СОСТАВ: Апельсин.,400,,https://ayamm-panel.s2.sellkit.ru/getImage.php?compressionQuality=90&crop=0&background=1&format=webp&domain=ayamm-panel.s2.sellkit.ru&time=1&url=%2FNewContent%2FPlates%2Fayamm_%2F211%2F358342_402cecd8-219e-48a8-b1d1-1d82f1ee11f5.jpg&width=618&height=618
Напитки,Напитки,Лимонад Классический 500мл,,350,,https://ayamm-panel.s2.sellkit.ru/getImage.php?compressionQuality=90&crop=0&background=1&format=webp&domain=ayamm-panel.s2.sellkit.ru&time=1&url=%2FNewContent%2FPlates%2Fayamm_%2F206%2F358342_cf612100-8631-4970-9f38-c09c92d0ccf3.jpg&width=813&height=813
Напитки,Напитки,Лимонад Мохито 500мл,,350,,https://ayamm-panel.s2.sellkit.ru/getImage.php?compressionQuality=90&crop=0&background=1&format=webp&domain=ayamm-panel.s2.sellkit.ru&time=1&url=%2FNewContent%2FPlates%2Fayamm_%2F207%2F358342_ee4c7ac4-6f5a-43ee-8d8e-5bf37370eb16.jpg&width=813&height=813
Напитки,Напитки,Облепихово-имбирный морс 250мл,"250 мл

Облепиха, имбирь, сахарный песок, вода",150,"41

ККал

0

Белки

10.20

Углеводы

0

Жиры

На 100 грамм *",https://ayamm-panel.s2.sellkit.ru/getImage3.php?compressionQuality=90&crop=0&format=webp&background=1&domain=ayamm-panel.s2.sellkit.ru&time=5&url=%2FNewContent%2FPlates%2Fayamm_%2F7e11c1ee62f46f8a039018b826894f3d.JPEG&folder=ayamm&width=1056&height=1056
Напитки,Напитки,Клюквенный морс 250мл,"250 мл

Клюква, сахарный песок, вода",150,"39.90

ККал

0

Белки

10

Углеводы

0

Жиры

На 100 грамм *",https://ayamm-panel.s2.sellkit.ru/getImage3.php?compressionQuality=90&crop=0&format=webp&background=1&domain=ayamm-panel.s2.sellkit.ru&time=5&url=%2FNewContent%2FPlates%2Fayamm_%2F022a4cd4bcd55a2f62f0b8dbe9de36cc.JPEG&folder=ayamm&width=1056&height=1056
Напитки,Напитки,"
Клубничная крем-сода 500мл","500 мл

Ванильный сироп, клубничный сироп, карамельный сироп, яблочная кислота, лимонная кислота, лимонный сок, содовая.",350,,https://ayamm-panel.s2.sellkit.ru/getImage3.php?compressionQuality=90&crop=0&format=webp&background=1&domain=ayamm-panel.s2.sellkit.ru&time=5&url=%2FNewContent%2FPlates%2Fayamm_%2Fc7d5fe4363c667eeff6f45d6e636f006.WEBP&folder=ayamm&width=1056&height=1056
Напитки,Напитки,"
Содовая кокос-лайм 500мл","500 мл

Сахарный сироп, кокосовый сироп, яблочная кислота, лимонная кислота, лимонный сок, содовая, лайм.",350,,https://ayamm-panel.s2.sellkit.ru/getImage3.php?compressionQuality=90&crop=0&format=webp&background=1&domain=ayamm-panel.s2.sellkit.ru&time=5&url=%2FNewContent%2FPlates%2Fayamm_%2Fb3d1b8667b859dc251837227c0035f30.WEBP&folder=ayamm&width=1056&height=1056
Напитки,Напитки,Вино б/а Ханс Баер розовое 750мл,750 мл,2800,,https://ayamm-panel.s2.sellkit.ru/getImage3.php?compressionQuality=90&crop=0&format=webp&background=1&domain=ayamm-panel.s2.sellkit.ru&time=5&url=%2FNewContent%2FPlates%2Fayamm_%2Ff3b9c7119d627c64111c7443c4143659.WEBP&folder=ayamm&width=1056&height=1056
Напитки,Напитки,"
Вода Даусуз газ 275мл",275мл,280,,https://ayamm-panel.s2.sellkit.ru/getImage3.php?compressionQuality=90&crop=0&format=webp&background=1&domain=ayamm-panel.s2.sellkit.ru&time=5&url=%2FNewContent%2FPlates%2Fayamm_%2F1a8755a3594a0baafdccff007eb249e0.WEBP&folder=ayamm&width=1056&height=1056
Напитки,Напитки,Вода Даусуз негаз 275мл,275мл,280,,https://ayamm-panel.s2.sellkit.ru/getImage3.php?compressionQuality=90&crop=0&format=webp&background=1&domain=ayamm-panel.s2.sellkit.ru&time=5&url=%2FNewContent%2FPlates%2Fayamm_%2F1a8755a3594a0baafdccff007eb249e0.WEBP&folder=ayamm&width=1056&height=1056
Напитки,Напитки,Сок Риоба Вишня 1л,1л,400,,https://ayamm-panel.s2.sellkit.ru/getImage3.php?compressionQuality=90&crop=0&format=webp&background=1&domain=ayamm-panel.s2.sellkit.ru&time=5&url=%2FNewContent%2FPlates%2Fayamm_%2Fdaf25996f738b78bbc75ab17a3d2a07d.WEBP&folder=ayamm&width=1056&height=1056
Напитки,Напитки,Сок Риоба Яблоко 1л,1л,400,,https://ayamm-panel.s2.sellkit.ru/getImage3.php?compressionQuality=90&crop=0&format=webp&background=1&domain=ayamm-panel.s2.sellkit.ru&time=5&url=%2FNewContent%2FPlates%2Fayamm_%2Fbd6cf1fe25a59e8efa2871d04bca707e.WEBP&folder=ayamm&width=1056&height=1056
Напитки,Напитки,"
Молочный коктейль 250мл",250мл,350,,https://ayamm-panel.s2.sellkit.ru/getImage3.php?compressionQuality=90&crop=0&format=webp&background=1&domain=ayamm-panel.s2.sellkit.ru&time=5&url=%2FNewContent%2FPlates%2Fayamm_%2F67fba9a9fb1d21dda0dd1aa05cd1b08a.WEBP&folder=ayamm&width=1056&height=1056
Соусы,Соусы,Цезарь соус,"Майонезно-пикантный соус с ароматом копченостей, чеснока и сыра. Отличное вкусовое дополнение ко всем нашим закускам. ВЕС: 30",100,В 100 г196.1 ккалБелки8 гЖиры14.7 гУглеводы7.9 г,https://ayamm-panel.s2.sellkit.ru/getImage.php?compressionQuality=90&crop=0&background=1&format=webp&domain=ayamm-panel.s2.sellkit.ru&time=2&url=%2FNewContent%2FPlates%2Fayamm_%2F340%2F358342_92fe5eee-6401-4a48-bf5b-26d2e44fa4ad.jpg&width=692&height=692
Соусы,Соусы,Унаги соус,"СОСТАВ: Соевый соус, сахар, пектин. ВЕС: 30",100,В 100 г238.6 ккалБелки2.8 гЖиры0.2 гУглеводы56.4 г,https://ayamm-panel.s2.sellkit.ru/getImage.php?compressionQuality=90&crop=0&background=1&format=webp&domain=ayamm-panel.s2.sellkit.ru&time=2&url=%2FNewContent%2FPlates%2Fayamm_%2F339%2F358342_f3e9b7da-8b1d-4592-a3d5-8f937e028448.jpg&width=692&height=692
Соусы,Соусы,Терияки соус,"СОСТАВ: Соевый соус, сахар, чеснок, красный перец молотый, имбирь, уксус, пектин. ВЕС: 30",100,,https://ayamm-panel.s2.sellkit.ru/getImage.php?compressionQuality=90&crop=0&background=1&format=webp&domain=ayamm-panel.s2.sellkit.ru&time=2&url=%2FNewContent%2FPlates%2Fayamm_%2F338%2F358342_d13399a0-e29e-46ca-ad2d-79b9bb775ec0.jpg&width=692&height=692
Соусы,Соусы,Тамаши соус,"Соус имеет сладко-соевый вкус с ароматом кунжута. Подходит к роллам с лососем, ко всем европейским роллам и закускам. СОСТАВ: Терияки, соус сладкий чили, кунжутное масло. ВЕС: 30",100,В 100 г156.7 ккалБелки4.2 гЖиры5.4 гУглеводы22.8 г,https://ayamm-panel.s2.sellkit.ru/getImage.php?compressionQuality=90&crop=0&background=1&format=webp&domain=ayamm-panel.s2.sellkit.ru&time=2&url=%2FNewContent%2FPlates%2Fayamm_%2F337%2F358342_bfb04798-2805-4277-a8ff-299e16bb8ac0.jpg&width=692&height=692
Соусы,Соусы,Спайси соус,"СОСТАВ: Майонез, аджика, соус Кимчи ВЕС: 30",100,В 100 г117.3 ккалБелки4.6 гЖиры7.2 гУглеводы8.4 г,https://ayamm-panel.s2.sellkit.ru/getImage.php?compressionQuality=90&crop=0&background=1&format=webp&domain=ayamm-panel.s2.sellkit.ru&time=2&url=%2FNewContent%2FPlates%2Fayamm_%2F369%2F358342_356784f5-88b6-47ba-99d8-d28ee23580e2.jpg&width=692&height=692
Соусы,Соусы,Гедза соус,"Необычное сочетание апельсина и острого соуса кимчи придает соусу гёдза особую пикантность. Имеет свежий и одновременно кисло-острый вкус, прекрасно подходит ко всем закускам СОСТАВ: Огурцы, апельсин, помидоры, кимчи, соевый соус, мицукан, кимчи, кинза, кунжут. ВЕС: 30",100,В 100 г155.4 ккалБелки1.7 гЖиры1.1 гУглеводы34.6 г,https://ayamm-panel.s2.sellkit.ru/getImage.php?compressionQuality=90&crop=0&background=1&format=webp&domain=ayamm-panel.s2.sellkit.ru&time=2&url=%2FNewContent%2FPlates%2Fayamm_%2F336%2F358342_a5432ac5-7a15-414a-ab4e-375ffb9bdd5c.jpg&width=813&height=813
Соусы,Соусы,Гамадари соус,"Имеет ярко выраженный кунжутно-ореховый соус, прекрасно подходит ко всем блюдам, содержащим салат чука. СОСТАВ: растительное масло, соевый соус, уксус, сахар, вода, экстракт грибов, яичный желток, кунжутное семя, сахар, специи, загуститель. ВЕС: 30",100,В 100 г473.1 ккалБелки23.4 гЖиры37.5 гУглеводы10.5 г,https://ayamm-panel.s2.sellkit.ru/getImage.php?compressionQuality=90&crop=0&background=1&format=webp&domain=ayamm-panel.s2.sellkit.ru&time=2&url=%2FNewContent%2FPlates%2Fayamm_%2F335%2F358342_c5332076-d8ec-4975-a774-6e23968d6b39.jpg&width=680&height=680
Соусы,Соусы,Васаби-Майо соус,"Майонез, соус васаби, молоко сгущеное, сок лимона",100,В 100 г185.9 ккалБелки4.2 гЖиры10.6 гУглеводы18.3 г,https://ayamm-panel.s2.sellkit.ru/getImage.php?compressionQuality=90&crop=0&background=1&format=webp&domain=ayamm-panel.s2.sellkit.ru&time=2&url=%2FNewContent%2FPlates%2Fayamm_%2F373%2F358342_852cbace-80d8-4c88-9e00-fdc65fecea5d.jpg&width=692&height=692
Закуски,Закуски,Тайская лепешка,"СОСТАВ: Рис, кляр, сухари панко. ВЕС: 100",90,В 100 г263.9 ккалБелки7.2 гЖиры1.8 гУглеводы54.8 г,https://ayamm-panel.s2.sellkit.ru/getImage.php?compressionQuality=90&crop=0&background=1&format=webp&domain=ayamm-panel.s2.sellkit.ru&time=1&url=%2FNewContent%2FPlates%2Fayamm_%2F358%2F358342_55086057-e6f8-4486-97d6-104ff68ed9da.jpg&width=618&height=618
Закуски,Закуски,Эби Темпура,"Маринованные креветки в чесночно-имбирной пасте обжариваются во фритюре в хрустящем кляре и подаются со сладко-острым соусом. СОСТАВ: Тигровые креветки, тесто кляр, сухари панко, соус соевый, паста чесночно-имбирная, соус чили сладкий. ВЕС: 120/20",620,В 100 г47.9 ккалБелки0.7 гЖиры3.2 гУглеводы4.2 г,https://ayamm-panel.s2.sellkit.ru/getImage.php?compressionQuality=90&crop=0&background=1&format=webp&domain=ayamm-panel.s2.sellkit.ru&time=1&url=%2FNewContent%2FPlates%2Fayamm_%2F351%2F358342_137f01da-67f2-4c5f-8a00-7a9264379366.jpg&width=618&height=618
Закуски,Закуски,Пельмени Гедза,"Традиционные японские пельмени с начинкой из лосося и овощей. Сначала мы доводим до хрустящей корочки во фритюре, после чего глазируем в соевом соусе и подаем с фирменным кисло-острым соусом гёдза. СОСТАВ: Лосось, тесто пшеничное, лук репчатый, капуста пекинская, сельдерей, болгарский перец, кинза, тесто, бульон куриный, соус соевый, соус терияки, соус гедза. ВЕС: 130/20",660,В 100 г222.7 ккалБелки2.7 гЖиры16.4 гУглеводы16 г,https://ayamm-panel.s2.sellkit.ru/getImage.php?compressionQuality=90&crop=0&background=1&format=webp&domain=ayamm-panel.s2.sellkit.ru&time=1&url=%2FNewContent%2FPlates%2Fayamm_%2F259%2F358342_0feb7426-02d5-4e4d-a4c9-49889001baac.jpg&width=618&height=618
Закуски,Закуски,Мидии запеченные 5 шт,"Крупные мидии ""Гигант киви"" запеченные под нашим фирменным яки соусом обладают нежной сливочной структурой и приятным соево-сладким послевкусием. СОСТАВ: Мидии ""Гигант киви"" - 5 шт, соус яки, соус унаги, кунжут, лимон. КОЛ-ВО: 5 шт",860,В 100 г159.3 ккалБелки7.2 гЖиры9.4 гУглеводы11.4 г,https://ayamm-panel.s2.sellkit.ru/getImage.php?compressionQuality=90&crop=0&background=1&format=webp&domain=ayamm-panel.s2.sellkit.ru&time=2&url=%2FNewContent%2FPlates%2Fayamm_%2F257%2F358342_9227c18d-9320-4e13-a571-05b74a1f44df.jpg&width=692&height=692
Закуски,Закуски,Мидии запеченные 3 шт,"Крупные мидии ""Гигант киви"" запеченные под нашим фирменным яки соусом обладают нежной сливочной структурой и приятным соево-сладким послевкусием. СОСТАВ: Мидии ""Гигант киви"" - 3 шт, соус яки, соус унаги, кунжут, лимон. КОЛ-ВО: 3 шт",610,В 100 г108.9 ккалБелки4.8 гЖиры6.4 гУглеводы7.9 г,https://ayamm-panel.s2.sellkit.ru/getImage.php?compressionQuality=90&crop=0&background=1&format=webp&domain=ayamm-panel.s2.sellkit.ru&time=2&url=%2FNewContent%2FPlates%2Fayamm_%2F258%2F358342_b2635006-69f0-4b75-b74c-0b20944a7f74.jpg&width=692&height=692
Закуски,Закуски,Курица темпура,"150 г

Куриная грудка, тесто темпура, соус Васаби-майо.",330,,https://ayamm-panel.s2.sellkit.ru/getImage.php?compressionQuality=90&crop=0&format=webp&background=1&domain=ayamm-panel.s2.sellkit.ru&time=3&url=%2FNewContent%2FPlates%2Fayamm_%2Fe2e3a1bc2ea1aa063533e00b9e428278.JPEG&width=1056&height=1056
Закуски,Закуски,Якитори из кальмара,"110 г

Филе кальмара, такуан, соус Якитори",415,,https://ayamm-panel.s2.sellkit.ru/getImage.php?compressionQuality=90&crop=0&format=webp&background=1&domain=ayamm-panel.s2.sellkit.ru&time=3&url=%2FNewContent%2FPlates%2Fayamm_%2Fb880215a9f619f65ba270c3819d078e4.JPEG&width=1056&height=1056
Закуски,Закуски,"
Якитори из креветок","110 г

Тигровые креветки, такуан, соус Якитори.",415,,https://ayamm-panel.s2.sellkit.ru/getImage.php?compressionQuality=90&crop=0&format=webp&background=1&domain=ayamm-panel.s2.sellkit.ru&time=3&url=%2FNewContent%2FPlates%2Fayamm_%2Faa931c941e642faf8db8acc1444d5362.JPEG&width=1056&height=1056
Закуски,Закуски,Якитори из курицы,"110 г

Куриная грудка, такуан, соус Якитори.",370,,https://ayamm-panel.s2.sellkit.ru/getImage.php?compressionQuality=90&crop=0&format=webp&background=1&domain=ayamm-panel.s2.sellkit.ru&time=3&url=%2FNewContent%2FPlates%2Fayamm_%2Fff32f551ecf4f64f524efa4a3ff5ffc4.JPEG&width=1056&height=1056
Закуски,Закуски,Мидии в сливочно-сырном соусе,"290 г

Мидии в створках, сыр Дор Блю, сливки, бульон куриный, вино, масло сливочное, масло раст, кинза, лук репчатый, чеснок, чиабатта.",960,"231.10

ККал

9.40

Белки

8.40

Углеводы

17.80

Жиры

На 100 грамм *",https://ayamm-panel.s2.sellkit.ru/getImage3.php?compressionQuality=90&crop=0&background=1&format=webp&domain=ayamm-panel.s2.sellkit.ru&time=5&url=%2FNewContent%2FPlates%2Fayamm_%2Fb3d135bb098a3dc3b2a618379963f56d.JPEG&folder=ayamm&width=751&height=751
🔥Спец предложения🔥,🔥Спец предложения🔥,Салат с лососем и фруктами,"Лосось, микс салата, шпинат, ананас, манго, авокадо, лепестки миндаля, ореховый соус, соус манго-апельсин.ВЕС: 130 г

",600,"В 100 г135.30ККал 7.20Белки 5.30Углеводы 9.50 Жиры
",https://ayamm-panel.s2.sellkit.ru/getImage.php?compressionQuality=90&crop=0&format=webp&background=1&domain=ayamm-panel.s2.sellkit.ru&time=3&url=%2FNewContent%2FPlates%2Fayamm_%2Ff0dddc5f03aef667e4f29c592c13ddac.JPEG&width=1056&height=1056
🔥Спец предложения🔥,🔥Спец предложения🔥,Хот фиш с курицей,"Курица, рис, водоросли нори, кляр, сухари панко, крабовое мясо, водоросли чука, огурцы, авокадо, спайси соус, лук фри, терияки соус. ВЕС: 300г",490,В 100г184ККал 6.50Белки 32.40Углеводы 3.20Жиры,https://ayamm-panel.s2.sellkit.ru/getImage.php?compressionQuality=90&crop=0&format=webp&background=1&domain=ayamm-panel.s2.sellkit.ru&time=3&url=%2FNewContent%2FPlates%2Fayamm_%2F830f196218f663e31510d23cf73f9b5e.JPEG&width=1056&height=1056
🔥Спец предложения🔥,🔥Спец предложения🔥,"
Хот фиш с лососем","Лосось, рис, водоросли нори, кляр, сухари панко, крабовое мясо, водоросли чука, огурцы, авокадо, соут спайси, лук фри, соус терияки.ВЕС:300г",530,В 100г185.90ККал 6.60Белки 32.40Углеводы 3.30Жиры,https://ayamm-panel.s2.sellkit.ru/getImage.php?compressionQuality=90&crop=0&format=webp&background=1&domain=ayamm-panel.s2.sellkit.ru&time=3&url=%2FNewContent%2FPlates%2Fayamm_%2F830f196218f663e31510d23cf73f9b5e.JPEG&width=1056&height=1056
🔥Спец предложения🔥,🔥Спец предложения🔥,Шоколадный торт,"Бисквит шоколадный, крем шоколад, глазурь, соус смородиновый.ВЕС:110г",310,В 100г339.30ККал 7.40Белки 37.60Углеводы 17.70Жиры,https://ayamm-panel.s2.sellkit.ru/getImage.php?compressionQuality=90&crop=0&format=webp&background=1&domain=ayamm-panel.s2.sellkit.ru&time=3&url=%2FNewContent%2FPlates%2Fayamm_%2F91c65aac46072bdc55f936bbb8a43982.JPEG&width=1056&height=1056
🔥Спец предложения🔥,🔥Спец предложения🔥,"
Зеленый салат","Шпинат, авокадо, помело, яблоки, брокколи, огурцы, семена тыквы, соус песто из кинзы. ВЕС:160г",440,В 100г 169.30ККал 4.40Белки 5.80 Углеводы 14.30Жиры,https://ayamm-panel.s2.sellkit.ru/getImage.php?compressionQuality=90&crop=0&format=webp&background=1&domain=ayamm-panel.s2.sellkit.ru&time=3&url=%2FNewContent%2FPlates%2Fayamm_%2F4f455a1b1d639ff2de9515c8a0fe2ccc.JPEG&width=1056&height=1056
🔥Спец предложения🔥,🔥Спец предложения🔥,"
Бао с лососем","Паровая булочка Бао, лосось, огурцы, капуста пекинская, соус ореховый, соус хойсин, соус наршараб, масло чили, кинза, кунжут. ВЕС: 180г",390,"181.40

ККал

6.40

Белки

20.20

Углеводы

8.30

Жиры

На 100 грамм *",https://ayamm-panel.s2.sellkit.ru/getImage3.php?compressionQuality=90&crop=0&format=webp&background=1&domain=ayamm-panel.s2.sellkit.ru&time=5&url=%2FNewContent%2FPlates%2Fayamm_%2Fc31bfc22d5ef37fad3aa102d8c656abe.JPEG&folder=ayamm&width=1056&height=1056
🔥Спец предложения🔥,🔥Спец предложения🔥,"
Бао с креветкой","180 г

Паровая булочка Бао, креветка, огурцы, капуста пекинская, соус ореховый, соус хойсин, соус.наршараб, масло чили, кинза, кунжут.",330,"145.60

ККал

3.60

Белки

17.80

Углеводы

6.70

Жиры

На 100 грамм *",https://ayamm-panel.s2.sellkit.ru/getImage3.php?compressionQuality=90&crop=0&format=webp&background=1&domain=ayamm-panel.s2.sellkit.ru&time=5&url=%2FNewContent%2FPlates%2Fayamm_%2Fc31bfc22d5ef37fad3aa102d8c656abe.JPEG&folder=ayamm&width=1056&height=1056
Бургеры,Бургеры,Бургер Азия,"Котлета из говядины, булочка бриошь, помидоры, водоросли чука, коул слоу, микс салата, соус гамадари, соус чили, лук фри, сыр. ВЕС: 320г",620,,https://ayamm-panel.s2.sellkit.ru/getImage.php?compressionQuality=90&crop=0&format=webp&background=1&domain=ayamm-panel.s2.sellkit.ru&time=3&url=%2FNewContent%2FPlates%2Fayamm_%2F1013%2Fthumb-big-30eab4126711cebc028bdfec7b77dcb16da4e3a556df6dc38b0ccacb21401eb4.jpg&width=1056&height=1056
Бургеры,Бургеры,Бургер классический,"Котлета из говядины, булочка бриошь, помидоры, огурцы свежие, микс салата, коул слоу, соус цезарь, лук фри, сыр. ВЕС: 320г",620,,https://ayamm-panel.s2.sellkit.ru/getImage.php?compressionQuality=90&crop=0&format=webp&background=1&domain=ayamm-panel.s2.sellkit.ru&time=3&url=%2FNewContent%2FPlates%2Fayamm_%2F1014%2Fthumb-big-43b8ce632ef2c383d2c9743a7547cfe49870077f201a8ed76f5c8bfc3e623626.jpg&width=1056&height=1056
Бургеры,Бургеры,"
Бургер с вишневым соусом","Котлета из говядины, булочка бриошь, помидоры, водоросли чука, коул слоу, микс салата, соус гамадари, соус чили, лук фри, сыр. ВЕС: 300г",620,,https://ayamm-panel.s2.sellkit.ru/getImage.php?compressionQuality=90&crop=0&format=webp&background=1&domain=ayamm-panel.s2.sellkit.ru&time=3&url=%2FNewContent%2FPlates%2Fayamm_%2F1015%2Fthumb-big-e3b4d927aee6d1952e2df765b427fa7c72866e97e4ff286fca7f7edd644640f8.jpg&width=1056&height=1056